timestamp,memory_MB,cpu_percent
2025-04-22T23:53:01.172650,58.61,38.00
2025-04-22T23:53:01.277786,58.61,100.10
2025-04-22T23:53:01.379385,58.61,100.00
2025-04-22T23:53:01.484459,58.61,100.00
2025-04-22T23:53:01.589528,58.61,100.00
2025-04-22T23:53:01.694580,58.61,100.00
2025-04-22T23:53:01.799625,58.61,32.60
2025-04-22T23:53:01.903211,58.61,0.00
2025-04-22T23:53:02.008341,58.61,23.90
2025-04-22T23:53:02.113453,58.61,100.00
2025-04-22T23:53:02.215592,58.61,89.50
2025-04-22T23:53:02.322068,58.61,14.50
2025-04-22T23:53:02.432435,58.47,78.30
2025-04-22T23:53:02.536416,42.64,95.60
2025-04-22T23:53:02.641527,41.20,99.80
2025-04-22T23:53:02.746624,41.70,100.00
2025-04-22T23:53:02.851713,41.92,25.40
2025-04-22T23:53:02.956816,42.38,0.00
2025-04-22T23:53:03.062064,42.38,32.30
2025-04-22T23:53:03.167204,43.00,100.00
2025-04-22T23:53:03.269276,43.44,100.00
2025-04-22T23:53:03.374335,43.52,100.10
2025-04-22T23:53:03.479390,43.52,100.00
2025-04-22T23:53:03.580816,43.48,100.00
2025-04-22T23:53:03.685634,43.48,55.20
2025-04-22T23:53:03.788986,43.48,0.00
2025-04-22T23:53:03.894049,43.48,0.30
2025-04-22T23:53:03.997803,43.48,99.90
2025-04-22T23:53:04.102939,43.53,100.00
2025-04-22T23:53:04.207985,43.62,99.60
2025-04-22T23:53:04.313052,43.56,99.90
2025-04-22T23:53:04.416837,43.56,99.90
2025-04-22T23:53:04.518231,43.52,86.40
2025-04-22T23:53:04.618964,43.52,0.00
2025-04-22T23:53:04.724096,43.52,0.00
2025-04-22T23:53:04.829297,43.52,70.50
2025-04-22T23:53:04.934427,43.55,100.00
2025-04-22T23:53:05.039472,43.61,100.00
2025-04-22T23:53:05.144512,43.61,100.00
2025-04-22T23:53:05.249553,43.61,99.70
2025-04-22T23:53:05.354623,43.61,99.70
2025-04-22T23:53:05.457469,43.61,11.30
2025-04-22T23:53:05.562597,43.61,0.00
2025-04-22T23:53:05.667723,43.61,45.90
2025-04-22T23:53:05.772808,43.62,99.80
2025-04-22T23:53:05.877871,43.72,100.00
2025-04-22T23:53:05.982932,43.66,98.60
2025-04-22T23:53:06.087837,42.62,100.00
2025-04-22T23:53:06.192906,42.62,99.70
2025-04-22T23:53:06.297978,42.62,29.80
2025-04-22T23:53:06.403090,42.58,0.20
2025-04-22T23:53:06.508299,42.58,24.00
2025-04-22T23:53:06.612053,40.20,90.90
2025-04-22T23:53:06.712583,40.17,96.40
2025-04-22T23:53:06.817766,40.25,99.80
2025-04-22T23:53:06.922888,40.25,100.00
2025-04-22T23:53:07.027965,40.25,99.90
2025-04-22T23:53:07.133027,40.25,85.60
2025-04-22T23:53:07.234257,40.20,28.80
2025-04-22T23:53:07.336224,40.20,0.20
2025-04-22T23:53:07.440486,40.20,0.00
2025-04-22T23:53:07.545699,40.20,83.70
2025-04-22T23:53:07.650173,40.20,99.80
2025-04-22T23:53:07.752653,40.33,77.00
2025-04-22T23:53:07.857813,40.30,56.10
2025-04-22T23:53:07.960239,40.22,98.40
2025-04-22T23:53:08.065426,40.23,99.30
2025-04-22T23:53:08.170553,40.23,96.60
2025-04-22T23:53:08.275653,40.23,0.00
2025-04-22T23:53:08.380737,40.23,0.30
2025-04-22T23:53:08.485970,40.23,60.80
2025-04-22T23:53:08.591150,40.25,100.00
2025-04-22T23:53:08.695448,40.30,100.00
2025-04-22T23:53:08.800489,40.31,100.00
2025-04-22T23:53:08.903147,40.31,100.10
2025-04-22T23:53:09.008202,40.31,100.00
2025-04-22T23:53:09.113246,40.31,15.20
2025-04-22T23:53:09.218310,40.31,0.00
2025-04-22T23:53:09.323558,40.31,42.80
2025-04-22T23:53:09.428741,41.83,99.80
2025-04-22T23:53:09.533832,41.91,100.00
2025-04-22T23:53:09.638883,41.98,100.00
2025-04-22T23:53:09.743923,41.98,100.00
2025-04-22T23:53:09.848963,41.98,100.20
2025-04-22T23:53:09.954000,42.23,33.30
2025-04-22T23:53:10.059058,42.33,0.00
2025-04-22T23:53:10.164204,42.33,23.30
2025-04-22T23:53:10.267603,42.33,100.00
2025-04-22T23:53:10.372662,41.39,100.10
2025-04-22T23:53:10.477720,42.34,100.00
2025-04-22T23:53:10.582584,42.34,100.00
2025-04-22T23:53:10.687626,42.34,100.00
2025-04-22T23:53:10.792662,42.34,50.30
2025-04-22T23:53:10.897718,42.34,0.00
2025-04-22T23:53:11.002787,42.34,7.20
2025-04-22T23:53:11.107926,42.34,99.00
2025-04-22T23:53:11.213028,42.34,96.20
2025-04-22T23:53:11.318087,56.66,100.10
2025-04-22T23:53:11.423137,56.66,100.00
2025-04-22T23:53:11.528184,56.66,100.00
2025-04-22T23:53:11.633229,56.66,93.40
2025-04-22T23:53:11.738295,56.66,0.00
2025-04-22T23:53:11.843362,56.66,0.20
2025-04-22T23:53:11.948871,56.66,62.70
2025-04-22T23:53:12.049108,56.66,100.00
2025-04-22T23:53:12.154147,56.67,100.00
2025-04-22T23:53:12.259183,56.67,100.00
2025-04-22T23:53:12.364216,56.67,100.10
2025-04-22T23:53:12.469293,56.67,100.00
2025-04-22T23:53:12.574346,56.67,13.00
2025-04-22T23:53:12.679403,56.67,0.00
2025-04-22T23:53:12.784584,56.67,42.30
2025-04-22T23:53:12.885722,56.67,100.00
2025-04-22T23:53:12.990762,56.67,100.00
2025-04-22T23:53:13.095811,56.67,100.00
2025-04-22T23:53:13.200844,56.67,100.00
2025-04-22T23:53:13.305881,56.67,100.10
2025-04-22T23:53:13.410913,56.67,27.10
2025-04-22T23:53:13.515966,56.67,0.00
2025-04-22T23:53:13.621128,56.67,27.90
2025-04-22T23:53:13.722595,56.67,100.00
2025-04-22T23:53:13.827632,56.67,100.10
2025-04-22T23:53:13.932670,56.67,100.00
2025-04-22T23:53:14.037705,56.67,100.00
2025-04-22T23:53:14.142735,56.67,100.00
2025-04-22T23:53:14.247762,56.67,83.00
2025-04-22T23:53:14.352823,56.67,0.10
2025-04-22T23:53:14.457904,56.67,0.10
2025-04-22T23:53:14.562927,56.67,74.30
2025-04-22T23:53:14.668057,56.67,100.00
2025-04-22T23:53:14.773099,56.67,100.00
2025-04-22T23:53:14.878127,56.67,100.10
2025-04-22T23:53:14.983162,56.66,100.00
2025-04-22T23:53:15.088196,56.66,100.00
2025-04-22T23:53:15.193228,56.66,31.00
2025-04-22T23:53:15.298282,56.66,0.10
2025-04-22T23:53:15.401406,56.66,24.30
2025-04-22T23:53:15.506169,56.66,100.00
2025-04-22T23:53:15.611207,56.66,100.00
2025-04-22T23:53:15.716239,56.66,100.00
2025-04-22T23:53:15.821266,56.66,100.10
2025-04-22T23:53:15.926301,56.55,100.00
2025-04-22T23:53:16.031331,56.55,42.90
2025-04-22T23:53:16.136389,56.55,0.00
2025-04-22T23:53:16.239724,56.55,12.80
2025-04-22T23:53:16.344827,56.50,99.20
2025-04-22T23:53:16.449951,56.42,100.00
2025-04-22T23:53:16.552013,56.44,100.00
2025-04-22T23:53:16.657079,56.44,100.00
2025-04-22T23:53:16.762118,56.44,100.00
2025-04-22T23:53:16.867158,56.44,62.30
2025-04-22T23:53:16.972229,56.44,0.00
2025-04-22T23:53:17.077301,56.44,0.00
2025-04-22T23:53:17.182379,56.42,93.70
2025-04-22T23:53:17.287457,56.36,100.00
2025-04-22T23:53:17.392524,56.36,100.10
2025-04-22T23:53:17.497600,56.36,100.00
2025-04-22T23:53:17.602658,56.36,100.00
2025-04-22T23:53:17.703072,56.36,100.00
2025-04-22T23:53:17.803407,56.36,26.60
2025-04-22T23:53:17.903814,56.36,0.10
2025-04-22T23:53:18.008984,56.36,26.80
2025-04-22T23:53:18.110322,56.36,99.90
2025-04-22T23:53:18.215409,56.45,100.00
2025-04-22T23:53:18.320484,56.45,100.10
2025-04-22T23:53:18.425546,56.45,100.00
2025-04-22T23:53:18.530603,56.45,100.00
2025-04-22T23:53:18.632688,56.45,52.90
2025-04-22T23:53:18.737762,56.45,0.00
2025-04-22T23:53:18.842822,56.45,8.30
2025-04-22T23:53:18.947939,56.45,100.00
2025-04-22T23:53:19.053005,56.45,100.00
2025-04-22T23:53:19.158064,56.47,100.00
2025-04-22T23:53:19.258516,56.47,99.70
2025-04-22T23:53:19.363589,56.45,100.00
2025-04-22T23:53:19.468659,56.45,70.50
2025-04-22T23:53:19.573771,56.45,0.00
2025-04-22T23:53:19.676687,56.45,0.00
2025-04-22T23:53:19.781904,56.45,84.40
2025-04-22T23:53:19.884564,56.48,100.10
2025-04-22T23:53:19.989631,56.50,100.10
2025-04-22T23:53:20.092728,56.50,100.10
2025-04-22T23:53:20.195130,56.50,100.00
2025-04-22T23:53:20.296773,56.50,100.00
2025-04-22T23:53:20.401834,56.50,12.30
2025-04-22T23:53:20.506918,56.50,0.10
2025-04-22T23:53:20.612086,56.50,43.20
2025-04-22T23:53:20.713527,56.50,100.00
2025-04-22T23:53:20.813939,56.47,100.10
2025-04-22T23:53:20.914291,56.47,100.00
2025-04-22T23:53:21.019337,56.47,100.00
2025-04-22T23:53:21.124380,56.47,100.00
2025-04-22T23:53:21.229416,56.47,50.00
2025-04-22T23:53:21.334446,56.47,0.10
2025-04-22T23:53:21.439505,56.47,8.40
2025-04-22T23:53:21.544658,56.47,100.00
2025-04-22T23:53:21.649758,56.47,100.00
2025-04-22T23:53:21.754825,56.45,100.00
2025-04-22T23:53:21.859877,56.45,100.00
2025-04-22T23:53:21.964924,56.45,100.00
2025-04-22T23:53:22.069960,56.45,71.40
2025-04-22T23:53:22.175019,56.45,0.00
2025-04-22T23:53:22.280097,56.45,0.10
2025-04-22T23:53:22.385358,56.42,86.20
2025-04-22T23:53:22.490448,56.42,100.00
2025-04-22T23:53:22.591677,56.42,100.10
2025-04-22T23:53:22.696755,56.42,100.00
2025-04-22T23:53:22.798743,56.42,99.80
2025-04-22T23:53:22.903846,56.42,99.80
2025-04-22T23:53:23.008950,56.42,14.60
2025-04-22T23:53:23.114050,56.42,0.00
2025-04-22T23:53:23.219044,56.41,32.00
2025-04-22T23:53:23.322796,56.41,55.20
2025-04-22T23:53:23.425311,56.45,80.80
2025-04-22T23:53:23.528612,56.58,100.00
2025-04-22T23:53:23.633699,56.59,100.00
2025-04-22T23:53:23.738777,56.59,100.00
2025-04-22T23:53:23.841204,56.59,100.00
2025-04-22T23:53:23.941555,56.59,48.90
2025-04-22T23:53:24.041931,56.59,0.00
2025-04-22T23:53:24.147004,56.59,6.10
2025-04-22T23:53:24.252154,56.59,91.30
2025-04-22T23:53:24.357307,56.64,98.30
2025-04-22T23:53:24.458214,56.69,100.00
2025-04-22T23:53:24.560391,56.69,99.90
2025-04-22T23:53:24.665475,56.69,99.90
2025-04-22T23:53:24.770535,56.69,99.90
2025-04-22T23:53:24.875626,56.64,13.10
2025-04-22T23:53:24.980679,56.64,0.00
2025-04-22T23:53:25.085836,56.64,44.30
2025-04-22T23:53:25.190970,56.64,100.00
2025-04-22T23:53:25.296037,56.66,100.00
2025-04-22T23:53:25.400437,56.66,100.00
2025-04-22T23:53:25.505477,56.66,100.00
2025-04-22T23:53:25.610517,56.66,100.00
2025-04-22T23:53:25.715550,56.66,36.20
2025-04-22T23:53:25.820608,56.66,0.10
2025-04-22T23:53:25.925740,56.66,19.20
2025-04-22T23:53:26.028262,56.66,100.00
2025-04-22T23:53:26.133326,56.66,100.00
2025-04-22T23:53:26.238357,56.66,100.00
2025-04-22T23:53:26.343389,56.66,100.00
2025-04-22T23:53:26.448422,56.66,100.00
2025-04-22T23:53:26.553499,54.98,69.80
2025-04-22T23:53:26.658596,54.98,0.00
2025-04-22T23:53:26.760515,54.81,0.00
2025-04-22T23:53:26.865724,54.47,84.40
2025-04-22T23:53:26.970897,40.14,100.00
2025-04-22T23:53:27.075978,40.14,100.00
2025-04-22T23:53:27.181035,40.14,100.00
2025-04-22T23:53:27.286091,40.14,100.00
2025-04-22T23:53:27.391136,40.14,100.10
2025-04-22T23:53:27.496172,40.14,25.60
2025-04-22T23:53:27.601231,40.14,0.10
2025-04-22T23:53:27.706421,40.14,30.00
2025-04-22T23:53:27.808871,40.14,99.50
2025-04-22T23:53:27.909920,40.16,100.60
2025-04-22T23:53:28.014967,40.23,100.00
2025-04-22T23:53:28.117981,40.23,100.00
2025-04-22T23:53:28.223017,40.22,100.00
2025-04-22T23:53:28.328047,40.22,60.10
2025-04-22T23:53:28.433108,40.22,0.00
2025-04-22T23:53:28.538152,40.22,0.20
2025-04-22T23:53:28.643324,40.22,97.30
2025-04-22T23:53:28.745372,40.22,100.00
2025-04-22T23:53:28.850411,40.22,100.10
2025-04-22T23:53:28.955451,40.22,99.70
2025-04-22T23:53:29.060928,40.22,99.90
2025-04-22T23:53:29.163841,40.17,88.60
2025-04-22T23:53:29.268902,40.17,0.00
2025-04-22T23:53:29.372776,40.17,1.50
2025-04-22T23:53:29.474293,41.83,63.30
2025-04-22T23:53:29.576903,41.88,100.00
2025-04-22T23:53:29.681958,41.92,98.20
2025-04-22T23:53:29.787033,41.94,99.80
2025-04-22T23:53:29.892123,41.94,100.00
2025-04-22T23:53:29.996048,41.94,100.10
2025-04-22T23:53:30.101126,42.20,21.80
2025-04-22T23:53:30.206220,42.20,0.60
2025-04-22T23:53:30.311394,42.28,36.00
2025-04-22T23:53:30.416514,42.28,100.00
2025-04-22T23:53:30.521583,42.25,100.00
2025-04-22T23:53:30.626650,42.25,100.00
2025-04-22T23:53:30.729149,42.25,100.00
2025-04-22T23:53:30.834195,42.25,100.10
2025-04-22T23:53:30.937700,42.25,47.00
2025-04-22T23:53:31.042777,42.25,0.00
2025-04-22T23:53:31.147848,42.25,10.30
2025-04-22T23:53:31.253055,42.25,99.60
2025-04-22T23:53:31.358153,42.25,100.20
2025-04-22T23:53:31.463192,42.25,100.00
2025-04-22T23:53:31.568229,42.25,100.00
2025-04-22T23:53:31.673260,42.25,100.00
2025-04-22T23:53:31.778295,42.25,68.70
2025-04-22T23:53:31.883380,42.25,0.10
2025-04-22T23:53:31.988438,42.25,0.00
2025-04-22T23:53:32.093645,42.25,88.50
2025-04-22T23:53:32.195545,42.25,100.00
2025-04-22T23:53:32.300609,42.25,100.10
2025-04-22T23:53:32.405657,42.25,99.80
2025-04-22T23:53:32.510695,42.17,100.00
2025-04-22T23:53:32.615731,42.17,93.50
2025-04-22T23:53:32.720790,42.17,0.00
2025-04-22T23:53:32.825855,42.17,0.20
2025-04-22T23:53:32.931032,42.17,64.00
2025-04-22T23:53:33.036165,42.17,100.00
2025-04-22T23:53:33.141206,42.17,100.00
2025-04-22T23:53:33.246245,42.17,100.00
2025-04-22T23:53:33.349662,42.17,100.00
2025-04-22T23:53:33.454698,42.17,100.00
2025-04-22T23:53:33.557813,42.17,19.80
2025-04-22T23:53:33.661781,42.17,0.00
2025-04-22T23:53:33.766943,42.17,34.10
2025-04-22T23:53:33.867727,42.17,100.10
2025-04-22T23:53:33.972764,42.17,100.00
2025-04-22T23:53:34.077798,42.17,100.00
2025-04-22T23:53:34.182830,42.17,100.00
2025-04-22T23:53:34.287860,42.17,100.00
2025-04-22T23:53:34.392889,42.19,37.10
2025-04-22T23:53:34.497944,42.19,0.00
2025-04-22T23:53:34.603101,42.19,20.50
2025-04-22T23:53:34.708214,42.19,100.00
2025-04-22T23:53:34.810548,56.56,100.10
2025-04-22T23:53:34.915597,56.58,100.00
2025-04-22T23:53:35.020635,56.58,100.00
2025-04-22T23:53:35.125672,56.58,100.00
2025-04-22T23:53:35.230710,56.58,70.40
2025-04-22T23:53:35.335762,56.58,0.10
2025-04-22T23:53:35.440825,56.58,0.00
2025-04-22T23:53:35.546008,56.58,87.00
2025-04-22T23:53:35.651144,56.58,100.00
2025-04-22T23:53:35.756212,56.53,100.00
2025-04-22T23:53:35.861256,56.53,100.00
2025-04-22T23:53:35.966301,56.53,100.00
2025-04-22T23:53:36.071335,56.53,84.30
2025-04-22T23:53:36.176400,56.53,0.00
2025-04-22T23:53:36.281487,56.52,0.00
2025-04-22T23:53:36.384138,56.52,70.90
2025-04-22T23:53:36.489281,56.52,100.00
2025-04-22T23:53:36.594331,56.52,100.00
2025-04-22T23:53:36.697182,56.52,100.00
2025-04-22T23:53:36.802213,56.52,100.10
2025-04-22T23:53:36.907239,56.52,100.00
2025-04-22T23:53:37.012269,56.52,39.00
2025-04-22T23:53:37.117320,56.52,0.00
2025-04-22T23:53:37.222474,56.52,15.10
2025-04-22T23:53:37.327597,56.52,99.60
2025-04-22T23:53:37.432681,56.52,100.00
2025-04-22T23:53:37.537749,56.61,100.00
2025-04-22T23:53:37.642795,56.61,100.00
2025-04-22T23:53:37.747840,56.61,100.00
2025-04-22T23:53:37.852886,56.61,61.50
2025-04-22T23:53:37.957956,56.61,0.00
2025-04-22T23:53:38.063023,56.61,0.00
2025-04-22T23:53:38.168171,56.61,100.10
2025-04-22T23:53:38.273291,56.61,99.90
2025-04-22T23:53:38.378330,56.61,100.00
2025-04-22T23:53:38.483378,56.61,100.00
2025-04-22T23:53:38.588415,56.61,100.00
2025-04-22T23:53:38.693448,56.61,74.40
2025-04-22T23:53:38.798520,56.61,0.10
2025-04-22T23:53:38.903576,56.61,0.00
2025-04-22T23:53:39.008744,56.61,82.90
2025-04-22T23:53:39.113059,56.61,99.90
2025-04-22T23:53:39.218126,56.61,100.00
2025-04-22T23:53:39.323187,56.61,100.10
2025-04-22T23:53:39.426941,56.61,99.90
2025-04-22T23:53:39.532004,56.61,99.70
2025-04-22T23:53:39.637053,56.61,0.10
2025-04-22T23:53:39.742114,56.61,0.00
2025-04-22T23:53:39.847307,56.61,58.00
2025-04-22T23:53:39.952456,56.61,99.90
2025-04-22T23:53:40.054045,56.62,100.00
2025-04-22T23:53:40.156752,56.62,100.10
2025-04-22T23:53:40.261834,56.62,100.00
2025-04-22T23:53:40.366896,56.62,100.20
2025-04-22T23:53:40.471968,56.64,31.40
2025-04-22T23:53:40.577058,56.64,0.00
2025-04-22T23:53:40.682225,56.64,23.50
2025-04-22T23:53:40.783798,56.66,99.90
2025-04-22T23:53:40.886577,56.66,100.00
2025-04-22T23:53:40.991639,56.66,100.00
2025-04-22T23:53:41.096686,56.66,100.00
2025-04-22T23:53:41.201744,56.66,100.00
2025-04-22T23:53:41.306813,56.66,58.10
2025-04-22T23:53:41.411896,56.66,0.00
2025-04-22T23:53:41.516966,56.66,0.00
2025-04-22T23:53:41.622152,56.66,99.50
2025-04-22T23:53:41.723815,56.67,100.00
2025-04-22T23:53:41.828863,56.67,100.10
2025-04-22T23:53:41.933905,56.67,100.00
2025-04-22T23:53:42.038141,56.67,100.00
2025-04-22T23:53:42.138490,56.67,88.70
2025-04-22T23:53:42.243570,56.67,0.00
2025-04-22T23:53:42.348640,56.67,0.20
2025-04-22T23:53:42.453818,56.67,68.80
2025-04-22T23:53:42.558961,56.67,100.00
2025-04-22T23:53:42.664005,56.67,100.00
2025-04-22T23:53:42.769043,56.67,100.00
2025-04-22T23:53:42.872602,56.67,100.00
2025-04-22T23:53:42.977641,56.67,100.00
2025-04-22T23:53:43.082670,56.67,4.00
2025-04-22T23:53:43.187724,56.67,0.00
2025-04-22T23:53:43.292901,56.67,51.90
2025-04-22T23:53:43.394681,56.67,100.00
2025-04-22T23:53:43.499094,56.67,100.00
2025-04-22T23:53:43.604419,56.67,100.00
2025-04-22T23:53:43.709457,56.67,100.00
2025-04-22T23:53:43.814490,56.67,100.00
2025-04-22T23:53:43.919531,56.67,23.30
2025-04-22T23:53:44.024592,56.67,0.00
2025-04-22T23:53:44.129751,56.67,34.10
2025-04-22T23:53:44.234845,56.67,99.70
2025-04-22T23:53:44.339906,56.67,99.50
2025-04-22T23:53:44.444992,56.67,100.00
2025-04-22T23:53:44.550069,56.67,100.00
2025-04-22T23:53:44.655121,56.67,100.00
2025-04-22T23:53:44.760174,56.67,42.90
2025-04-22T23:53:44.863490,56.67,0.10
2025-04-22T23:53:44.968694,56.67,13.70
2025-04-22T23:53:45.073819,56.67,99.80
2025-04-22T23:53:45.178913,56.67,99.90
2025-04-22T23:53:45.283991,56.67,100.00
2025-04-22T23:53:45.389047,56.67,100.10
2025-04-22T23:53:45.494113,56.67,100.00
2025-04-22T23:53:45.599169,56.67,70.10
2025-04-22T23:53:45.700994,56.67,0.10
2025-04-22T23:53:45.806073,56.67,0.20
2025-04-22T23:53:45.911253,56.67,86.10
2025-04-22T23:53:46.013500,56.70,100.00
2025-04-22T23:53:46.117732,56.72,100.00
2025-04-22T23:53:46.222797,56.72,99.60
2025-04-22T23:53:46.327871,56.73,100.10
2025-04-22T23:53:46.432941,56.73,100.00
2025-04-22T23:53:46.537221,56.73,14.00
2025-04-22T23:53:46.637594,56.73,0.00
2025-04-22T23:53:46.742775,56.73,39.50
2025-04-22T23:53:46.847923,56.75,100.10
2025-04-22T23:53:46.948431,56.73,100.00
2025-04-22T23:53:47.053471,56.73,100.00
2025-04-22T23:53:47.158508,56.73,100.00
2025-04-22T23:53:47.263547,56.73,100.00
2025-04-22T23:53:47.368577,56.73,47.30
2025-04-22T23:53:47.473653,56.73,0.00
2025-04-22T23:53:47.578710,56.73,10.00
2025-04-22T23:53:47.683856,56.77,100.00
2025-04-22T23:53:47.784160,56.77,100.00
2025-04-22T23:53:47.889217,56.77,100.00
2025-04-22T23:53:47.994268,56.77,100.00
2025-04-22T23:53:48.099310,56.77,100.00
2025-04-22T23:53:48.204347,56.77,81.60
2025-04-22T23:53:48.304966,56.77,0.10
2025-04-22T23:53:48.410054,56.77,0.10
2025-04-22T23:53:48.515227,56.77,74.20
2025-04-22T23:53:48.616788,56.77,100.00
2025-04-22T23:53:48.721819,56.77,100.00
2025-04-22T23:53:48.826865,56.77,100.00
2025-04-22T23:53:48.931912,56.77,100.00
2025-04-22T23:53:49.036948,56.77,100.00
2025-04-22T23:53:49.141984,56.77,7.70
2025-04-22T23:53:49.247043,56.77,0.00
2025-04-22T23:53:49.352199,56.77,50.90
2025-04-22T23:53:49.457323,56.78,100.00
2025-04-22T23:53:49.562407,56.78,100.00
2025-04-22T23:53:49.667477,56.78,100.00
2025-04-22T23:53:49.772539,56.78,100.00
2025-04-22T23:53:49.877582,56.78,100.00
2025-04-22T23:53:49.982605,56.78,27.20
2025-04-22T23:53:50.087714,56.78,0.00
2025-04-22T23:53:50.192771,56.78,30.20
2025-04-22T23:53:50.297837,56.78,100.10
2025-04-22T23:53:50.402882,56.78,100.10
2025-04-22T23:53:50.507927,56.78,100.10
2025-04-22T23:53:50.612967,56.78,100.00
2025-04-22T23:53:50.718009,56.78,100.00
2025-04-22T23:53:50.823043,56.78,42.90
2025-04-22T23:53:50.928101,56.78,0.00
2025-04-22T23:53:51.033165,56.78,13.10
2025-04-22T23:53:51.136534,56.78,100.00
2025-04-22T23:53:51.237547,56.78,100.00
2025-04-22T23:53:51.340569,56.80,100.10
2025-04-22T23:53:51.445617,56.80,99.80
2025-04-22T23:53:51.550670,56.80,99.90
2025-04-22T23:53:51.655132,56.80,79.50
2025-04-22T23:53:51.755497,56.80,0.10
2025-04-22T23:53:51.855836,56.80,0.20
2025-04-22T23:53:51.961010,56.80,71.90
2025-04-22T23:53:52.063815,56.80,100.00
2025-04-22T23:53:52.168875,56.80,99.80
2025-04-22T23:53:52.273951,56.80,100.00
2025-04-22T23:53:52.379017,56.78,100.10
2025-04-22T23:53:52.484068,56.78,100.00
2025-04-22T23:53:52.589114,56.78,8.60
2025-04-22T23:53:52.694183,56.78,0.00
2025-04-22T23:53:52.799390,56.78,47.60
2025-04-22T23:53:52.901699,56.78,100.00
2025-04-22T23:53:53.006756,56.78,100.00
2025-04-22T23:53:53.111806,56.78,100.00
2025-04-22T23:53:53.216847,56.78,100.00
2025-04-22T23:53:53.321882,56.78,100.10
2025-04-22T23:53:53.426923,56.78,29.50
2025-04-22T23:53:53.531988,56.78,0.00
2025-04-22T23:53:53.637271,56.78,28.10
2025-04-22T23:53:53.742476,56.78,100.00
2025-04-22T23:53:53.847550,56.25,99.80
2025-04-22T23:53:53.952625,56.78,100.00
2025-04-22T23:53:54.057698,56.78,100.00
2025-04-22T23:53:54.162748,56.78,100.00
2025-04-22T23:53:54.267792,56.78,49.50
2025-04-22T23:53:54.372879,56.78,0.10
2025-04-22T23:53:54.477981,56.78,12.10
2025-04-22T23:53:54.583067,56.78,100.00
2025-04-22T23:53:54.688118,56.78,100.00
2025-04-22T23:53:54.793153,56.78,100.00
2025-04-22T23:53:54.897071,56.78,100.00
2025-04-22T23:53:55.002117,56.78,100.00
2025-04-22T23:53:55.107158,56.78,73.10
2025-04-22T23:53:55.212221,56.78,0.00
2025-04-22T23:53:55.317312,56.78,0.20
2025-04-22T23:53:55.418564,56.77,31.20
2025-04-22T23:53:55.524446,56.77,86.70
2025-04-22T23:53:55.629707,56.66,99.80
2025-04-22T23:53:55.734819,56.72,99.70
2025-04-22T23:53:55.836409,56.72,99.80
2025-04-22T23:53:55.936766,56.72,99.20
2025-04-22T23:53:56.037126,56.72,99.80
2025-04-22T23:53:56.137494,56.72,19.60
2025-04-22T23:53:56.242590,56.72,0.00
2025-04-22T23:53:56.343560,56.72,31.90
2025-04-22T23:53:56.444203,56.72,98.70
2025-04-22T23:53:56.548073,56.72,99.90
2025-04-22T23:53:56.650195,56.73,99.90
2025-04-22T23:53:56.755272,56.73,100.00
2025-04-22T23:53:56.856654,56.73,100.10
2025-04-22T23:53:56.961730,56.73,57.60
2025-04-22T23:53:57.066771,56.73,0.00
2025-04-22T23:53:57.168168,56.73,0.00
2025-04-22T23:53:57.273244,56.73,95.30
2025-04-22T23:53:57.375165,56.73,99.50
2025-04-22T23:53:57.480261,56.73,99.30
2025-04-22T23:53:57.585348,56.73,99.60
2025-04-22T23:53:57.690439,56.73,99.10
2025-04-22T23:53:57.793291,56.73,98.60
2025-04-22T23:53:57.893642,56.73,7.80
2025-04-22T23:53:57.993952,56.73,0.00
2025-04-22T23:53:58.099049,56.73,45.10
2025-04-22T23:53:58.204119,56.73,98.70
2025-04-22T23:53:58.309212,56.80,88.30
2025-04-22T23:53:58.412154,56.91,94.90
2025-04-22T23:53:58.517280,56.91,99.60
2025-04-22T23:53:58.622375,56.91,45.70
2025-04-22T23:53:58.727540,56.77,88.60
2025-04-22T23:53:58.831159,56.77,47.70
2025-04-22T23:53:58.936235,56.77,0.00
2025-04-22T23:53:59.041311,56.53,9.60
2025-04-22T23:53:59.146376,56.53,100.00
2025-04-22T23:53:59.248311,56.53,100.00
2025-04-22T23:53:59.353367,56.55,100.00
2025-04-22T23:53:59.458419,56.75,100.00
2025-04-22T23:53:59.563475,56.75,100.00
2025-04-22T23:53:59.666384,56.75,61.40
2025-04-22T23:53:59.771433,56.75,0.00
2025-04-22T23:53:59.876491,56.75,0.10
2025-04-22T23:53:59.981538,56.75,96.70
2025-04-22T23:54:00.086473,56.75,99.60
2025-04-22T23:54:00.191554,55.80,99.90
2025-04-22T23:54:00.296620,55.80,99.50
2025-04-22T23:54:00.401689,55.80,100.00
2025-04-22T23:54:00.504042,55.80,79.50
2025-04-22T23:54:00.609090,55.80,0.30
2025-04-22T23:54:00.714135,55.80,0.10
2025-04-22T23:54:00.819183,55.80,77.80
2025-04-22T23:54:00.924247,55.80,100.00
2025-04-22T23:54:01.029298,55.84,100.00
2025-04-22T23:54:01.134334,55.84,99.90
2025-04-22T23:54:01.239382,55.84,100.00
2025-04-22T23:54:01.344423,55.84,91.20
2025-04-22T23:54:01.448311,55.84,0.00
2025-04-22T23:54:01.548766,55.84,0.00
2025-04-22T23:54:01.653823,55.84,61.10
2025-04-22T23:54:01.757938,55.84,99.70
2025-04-22T23:54:01.863013,55.84,99.90
2025-04-22T23:54:01.968095,55.84,99.40
2025-04-22T23:54:02.073182,55.84,98.70
2025-04-22T23:54:02.175284,55.84,99.50
2025-04-22T23:54:02.275607,55.84,37.40
2025-04-22T23:54:02.377896,41.39,34.50
2025-04-22T23:54:02.483038,41.14,0.00
2025-04-22T23:54:02.588159,41.14,0.00
2025-04-22T23:54:02.693255,41.14,64.60
2025-04-22T23:54:02.798341,41.14,99.00
2025-04-22T23:54:02.903426,41.05,99.80
2025-04-22T23:54:03.008505,41.05,99.10
2025-04-22T23:54:03.111921,41.05,99.50
2025-04-22T23:54:03.217028,41.05,97.70
2025-04-22T23:54:03.320012,41.05,22.20
2025-04-22T23:54:03.425080,41.05,0.00
2025-04-22T23:54:03.530138,41.05,32.90
2025-04-22T23:54:03.631718,41.05,99.90
2025-04-22T23:54:03.736789,41.14,99.80
2025-04-22T23:54:03.841860,41.14,100.00
2025-04-22T23:54:03.942957,41.14,99.40
2025-04-22T23:54:04.048039,41.14,98.90
2025-04-22T23:54:04.148873,41.14,58.00
2025-04-22T23:54:04.249153,41.14,0.00
2025-04-22T23:54:04.352026,41.14,0.10
2025-04-22T23:54:04.455740,41.14,92.70
2025-04-22T23:54:04.557919,41.14,99.90
2025-04-22T23:54:04.663017,41.14,99.80
2025-04-22T23:54:04.768443,41.14,98.80
2025-04-22T23:54:04.873539,41.14,99.50
2025-04-22T23:54:04.978619,41.14,88.50
2025-04-22T23:54:05.081693,41.14,0.00
2025-04-22T23:54:05.183673,41.14,0.00
2025-04-22T23:54:05.286095,41.14,60.10
2025-04-22T23:54:05.386475,41.17,100.00
2025-04-22T23:54:05.491533,41.25,100.00
2025-04-22T23:54:05.596582,41.25,100.00
2025-04-22T23:54:05.701623,41.25,100.00
2025-04-22T23:54:05.806675,41.25,99.90
2025-04-22T23:54:05.911738,41.25,12.20
2025-04-22T23:54:06.016805,41.25,0.00
2025-04-22T23:54:06.120698,41.25,41.20
2025-04-22T23:54:06.222670,41.22,99.70
2025-04-22T23:54:06.324582,41.22,100.00
2025-04-22T23:54:06.429664,41.22,100.00
2025-04-22T23:54:06.534713,41.22,100.00
2025-04-22T23:54:06.639773,41.22,100.00
2025-04-22T23:54:06.744825,41.22,29.00
2025-04-22T23:54:06.849867,41.22,0.10
2025-04-22T23:54:06.954916,41.22,28.20
2025-04-22T23:54:07.059968,41.22,100.00
2025-04-22T23:54:07.165018,41.25,99.70
2025-04-22T23:54:07.270100,41.25,99.20
2025-04-22T23:54:07.375174,41.25,100.00
2025-04-22T23:54:07.477107,41.27,99.70
2025-04-22T23:54:07.580266,41.27,49.30
2025-04-22T23:54:07.685352,41.27,0.00
2025-04-22T23:54:07.790413,41.27,7.60
2025-04-22T23:54:07.895221,41.27,100.00
2025-04-22T23:54:07.995588,41.27,98.70
2025-04-22T23:54:08.100645,41.28,99.90
2025-04-22T23:54:08.205691,41.28,100.00
2025-04-22T23:54:08.310740,41.28,99.70
2025-04-22T23:54:08.415801,41.28,66.90
2025-04-22T23:54:08.520862,41.28,0.00
2025-04-22T23:54:08.625942,41.28,0.00
2025-04-22T23:54:08.731060,41.28,89.40
2025-04-22T23:54:08.833536,41.28,99.90
2025-04-22T23:54:08.938625,41.28,99.30
2025-04-22T23:54:09.043712,41.28,99.70
2025-04-22T23:54:09.148796,41.28,100.00
2025-04-22T23:54:09.253846,41.28,82.60
2025-04-22T23:54:09.358903,41.28,0.40
2025-04-22T23:54:09.463961,41.28,0.00
2025-04-22T23:54:09.567745,41.28,71.70
2025-04-22T23:54:09.668117,55.59,99.80
2025-04-22T23:54:09.768500,55.62,99.50
2025-04-22T23:54:09.868856,55.64,99.30
2025-04-22T23:54:09.973952,55.64,99.40
2025-04-22T23:54:10.079030,55.64,99.40
2025-04-22T23:54:10.184129,55.64,32.70
2025-04-22T23:54:10.286934,55.64,0.00
2025-04-22T23:54:10.387287,55.64,20.80
2025-04-22T23:54:10.492190,55.64,100.10
2025-04-22T23:54:10.593158,55.77,99.30
2025-04-22T23:54:10.698234,55.73,100.00
2025-04-22T23:54:10.803303,55.73,99.90
2025-04-22T23:54:10.903946,55.73,99.30
2025-04-22T23:54:11.009028,55.73,66.60
2025-04-22T23:54:11.114105,55.73,0.00
2025-04-22T23:54:11.216790,55.73,0.00
2025-04-22T23:54:11.321878,55.73,87.90
2025-04-22T23:54:11.426990,55.73,99.40
2025-04-22T23:54:11.532100,55.75,99.90
2025-04-22T23:54:11.637169,55.75,99.70
2025-04-22T23:54:11.742041,55.75,98.60
2025-04-22T23:54:11.842739,55.75,97.30
2025-04-22T23:54:11.946124,55.75,0.00
2025-04-22T23:54:12.051217,55.75,0.00
2025-04-22T23:54:12.156292,55.75,59.50
2025-04-22T23:54:12.261345,55.75,99.90
2025-04-22T23:54:12.366415,55.75,100.00
2025-04-22T23:54:12.471466,55.77,100.00
2025-04-22T23:54:12.576509,55.77,99.90
2025-04-22T23:54:12.681564,55.77,100.00
2025-04-22T23:54:12.786608,55.77,35.00
2025-04-22T23:54:12.891642,55.77,0.10
2025-04-22T23:54:12.996682,55.77,24.60
2025-04-22T23:54:13.101730,55.77,100.00
2025-04-22T23:54:13.206766,56.31,98.50
2025-04-22T23:54:13.311829,55.75,100.00
2025-04-22T23:54:13.412211,55.75,99.90
2025-04-22T23:54:13.517268,55.75,99.70
2025-04-22T23:54:13.622324,55.75,68.60
2025-04-22T23:54:13.727373,55.75,0.00
2025-04-22T23:54:13.832434,55.75,0.10
2025-04-22T23:54:13.934393,55.75,85.00
2025-04-22T23:54:14.035716,55.75,99.90
2025-04-22T23:54:14.140761,55.75,99.50
2025-04-22T23:54:14.245826,55.75,99.30
2025-04-22T23:54:14.350917,55.75,99.20
2025-04-22T23:54:14.455998,55.75,96.80
2025-04-22T23:54:14.557726,55.75,0.00
2025-04-22T23:54:14.662809,55.75,0.00
2025-04-22T23:54:14.767883,55.75,58.30
2025-04-22T23:54:14.870002,55.75,99.60
2025-04-22T23:54:14.975112,55.75,99.60
2025-04-22T23:54:15.080197,55.75,98.80
2025-04-22T23:54:15.184648,55.75,92.00
2025-04-22T23:54:15.288844,55.69,98.90
2025-04-22T23:54:15.393934,55.69,39.90
2025-04-22T23:54:15.499015,55.69,0.00
2025-04-22T23:54:15.604078,55.69,17.70
2025-04-22T23:54:15.709142,55.69,99.60
2025-04-22T23:54:15.814220,55.72,99.70
2025-04-22T23:54:15.919297,55.69,99.90
2025-04-22T23:54:16.024363,55.69,100.00
2025-04-22T23:54:16.129423,55.69,99.80
2025-04-22T23:54:16.234473,55.69,55.70
2025-04-22T23:54:16.339555,55.69,0.10
2025-04-22T23:54:16.442101,55.69,0.00
2025-04-22T23:54:16.547305,55.69,99.00
2025-04-22T23:54:16.652382,55.69,99.80
2025-04-22T23:54:16.757450,55.69,99.90
2025-04-22T23:54:16.859940,55.69,99.30
2025-04-22T23:54:16.960260,55.69,99.60
2025-04-22T23:54:17.061442,55.69,83.80
2025-04-22T23:54:17.166506,55.69,0.00
2025-04-22T23:54:17.271568,55.69,0.00
2025-04-22T23:54:17.376644,55.69,72.40
2025-04-22T23:54:17.479566,55.69,99.60
2025-04-22T23:54:17.581728,55.69,99.80
2025-04-22T23:54:17.686789,55.69,99.70
2025-04-22T23:54:17.791852,55.69,97.10
2025-04-22T23:54:17.897038,55.69,100.00
2025-04-22T23:54:17.997240,55.69,16.40
2025-04-22T23:54:18.097580,55.69,0.00
2025-04-22T23:54:18.198835,55.69,33.50
2025-04-22T23:54:18.303903,55.69,99.90
2025-04-22T23:54:18.408962,55.69,100.10
2025-04-22T23:54:18.514009,55.69,100.00
2025-04-22T23:54:18.619052,55.69,100.00
2025-04-22T23:54:18.724096,55.69,32.70
2025-04-22T23:54:18.827326,53.56,89.80
2025-04-22T23:54:18.928719,53.56,32.20
2025-04-22T23:54:19.033809,53.56,0.00
2025-04-22T23:54:19.138872,53.56,26.70
2025-04-22T23:54:19.243916,53.59,100.00
2025-04-22T23:54:19.348957,53.59,100.20
2025-04-22T23:54:19.454015,55.23,99.30
2025-04-22T23:54:19.559092,55.12,100.00
2025-04-22T23:54:19.664149,55.12,100.00
2025-04-22T23:54:19.768937,55.12,43.10
2025-04-22T23:54:19.873984,55.12,0.10
2025-04-22T23:54:19.979021,55.11,14.20
2025-04-22T23:54:20.084055,55.11,100.00
2025-04-22T23:54:20.189088,55.17,100.00
2025-04-22T23:54:20.294121,55.14,100.00
2025-04-22T23:54:20.399157,55.14,100.10
2025-04-22T23:54:20.504188,55.14,99.30
2025-04-22T23:54:20.609220,55.14,54.40
2025-04-22T23:54:20.712002,55.42,0.00
2025-04-22T23:54:20.817065,55.42,1.90
2025-04-22T23:54:20.921590,55.45,100.10
2025-04-22T23:54:21.026643,55.56,100.00
2025-04-22T23:54:21.131694,55.55,100.00
2025-04-22T23:54:21.236740,55.55,100.00
2025-04-22T23:54:21.341776,55.55,100.10
2025-04-22T23:54:21.446813,55.55,75.80
2025-04-22T23:54:21.551848,55.55,0.00
2025-04-22T23:54:21.656889,55.55,0.00
2025-04-22T23:54:21.761921,55.55,81.40
2025-04-22T23:54:21.866953,55.55,100.00
2025-04-22T23:54:21.971982,55.56,100.00
2025-04-22T23:54:22.077008,55.56,100.00
2025-04-22T23:54:22.182033,55.56,100.00
2025-04-22T23:54:22.287059,55.56,82.10
2025-04-22T23:54:22.392088,55.56,0.10
2025-04-22T23:54:22.497122,55.56,0.00
2025-04-22T23:54:22.602166,55.56,75.20
2025-04-22T23:54:22.707211,55.56,100.00
2025-04-22T23:54:22.812260,55.56,100.00
2025-04-22T23:54:22.917305,55.56,100.10
2025-04-22T23:54:23.018632,55.56,100.00
2025-04-22T23:54:23.123668,55.56,97.00
2025-04-22T23:54:23.228707,55.56,0.00
2025-04-22T23:54:23.331325,55.56,0.10
2025-04-22T23:54:23.432906,55.56,55.10
2025-04-22T23:54:23.533270,55.58,100.00
2025-04-22T23:54:23.633607,55.61,100.00
2025-04-22T23:54:23.738674,55.61,99.90
2025-04-22T23:54:23.843751,55.61,100.10
2025-04-22T23:54:23.943877,55.61,100.00
2025-04-22T23:54:24.045841,55.61,27.80
2025-04-22T23:54:24.150886,55.61,0.00
2025-04-22T23:54:24.251056,55.61,24.80
2025-04-22T23:54:24.356101,55.61,100.00
2025-04-22T23:54:24.461152,56.64,87.90
2025-04-22T23:54:24.565364,55.66,23.00
2025-04-22T23:54:24.667318,55.66,33.30
2025-04-22T23:54:24.772325,55.66,85.40
2025-04-22T23:54:24.877653,55.66,98.60
2025-04-22T23:54:24.982774,55.66,99.60
2025-04-22T23:54:25.086982,55.67,98.90
2025-04-22T23:54:25.192077,55.67,56.30
2025-04-22T23:54:25.297162,55.67,0.00
2025-04-22T23:54:25.402235,55.67,0.70
2025-04-22T23:54:25.507359,55.67,99.40
2025-04-22T23:54:25.612447,55.69,99.70
2025-04-22T23:54:25.717533,55.69,99.50
2025-04-22T23:54:25.822626,55.69,99.60
2025-04-22T23:54:25.927699,55.69,99.30
2025-04-22T23:54:26.033588,55.69,85.40
2025-04-22T23:54:26.138680,55.69,0.00
2025-04-22T23:54:26.243760,55.69,0.00
2025-04-22T23:54:26.348913,55.69,70.80
2025-04-22T23:54:26.454040,55.70,99.60
2025-04-22T23:54:26.559136,55.70,99.50
2025-04-22T23:54:26.664219,55.70,99.30
2025-04-22T23:54:26.769305,55.70,99.80
2025-04-22T23:54:26.874427,55.70,98.10
2025-04-22T23:54:26.979429,55.70,12.90
2025-04-22T23:54:27.080321,55.70,0.00
2025-04-22T23:54:27.185417,55.70,40.80
2025-04-22T23:54:27.290486,55.70,99.60
2025-04-22T23:54:27.395561,55.70,99.50
2025-04-22T23:54:27.500644,55.70,99.00
2025-04-22T23:54:27.605741,55.70,99.50
2025-04-22T23:54:27.710831,55.70,99.40
2025-04-22T23:54:27.815918,55.70,40.80
2025-04-22T23:54:27.916747,55.70,0.10
2025-04-22T23:54:28.021813,55.70,14.10
2025-04-22T23:54:28.126868,55.70,98.40
2025-04-22T23:54:28.231955,55.70,99.80
2025-04-22T23:54:28.333434,55.70,99.70
2025-04-22T23:54:28.434960,55.70,99.50
2025-04-22T23:54:28.535406,55.70,99.30
2025-04-22T23:54:28.636048,55.70,83.90
2025-04-22T23:54:28.741129,55.70,0.00
2025-04-22T23:54:28.846194,55.70,0.10
2025-04-22T23:54:28.951247,55.70,71.90
2025-04-22T23:54:29.052542,55.70,99.00
2025-04-22T23:54:29.157633,55.70,99.60
2025-04-22T23:54:29.262715,55.70,99.80
2025-04-22T23:54:29.367793,55.70,99.90
2025-04-22T23:54:29.470726,55.70,99.80
2025-04-22T23:54:29.571065,55.70,15.30
2025-04-22T23:54:29.671342,55.70,0.00
2025-04-22T23:54:29.771697,55.70,36.10
2025-04-22T23:54:29.876758,55.70,98.90
2025-04-22T23:54:29.981839,55.72,99.60
2025-04-22T23:54:30.086929,55.72,77.30
2025-04-22T23:54:30.191196,55.62,99.10
2025-04-22T23:54:30.296289,55.62,98.20
2025-04-22T23:54:30.401383,50.42,89.40
2025-04-22T23:54:30.503692,41.12,0.00
2025-04-22T23:54:30.608795,41.12,0.00
2025-04-22T23:54:30.713847,41.12,62.00
2025-04-22T23:54:30.816868,41.14,97.20
2025-04-22T23:54:30.920200,41.12,99.70
2025-04-22T23:54:31.022142,41.12,100.10
2025-04-22T23:54:31.127230,41.12,99.90
2025-04-22T23:54:31.229517,41.12,100.00
2025-04-22T23:54:31.334578,41.12,69.80
2025-04-22T23:54:31.439631,41.12,0.00
2025-04-22T23:54:31.544678,41.12,0.00
2025-04-22T23:54:31.649758,41.11,88.30
2025-04-22T23:54:31.754852,41.11,99.50
2025-04-22T23:54:31.859943,41.11,99.70
2025-04-22T23:54:31.965042,41.11,99.90
2025-04-22T23:54:32.070139,41.11,100.00
2025-04-22T23:54:32.175211,41.11,99.10
2025-04-22T23:54:32.280292,41.11,9.90
2025-04-22T23:54:32.384280,41.11,0.10
2025-04-22T23:54:32.489364,41.08,46.50
2025-04-22T23:54:32.594428,41.08,99.80
2025-04-22T23:54:32.698677,41.14,99.30
2025-04-22T23:54:32.798995,55.44,99.80
2025-04-22T23:54:32.899314,55.44,99.90
2025-04-22T23:54:33.003382,55.44,99.50
2025-04-22T23:54:33.108451,55.36,94.20
2025-04-22T23:54:33.213536,55.36,0.00
2025-04-22T23:54:33.317418,55.36,0.00
2025-04-22T23:54:33.422478,55.36,61.80
2025-04-22T23:54:33.527544,55.36,99.90
2025-04-22T23:54:33.632601,55.41,99.50
2025-04-22T23:54:33.737666,55.41,99.50
2025-04-22T23:54:33.842730,55.41,99.70
2025-04-22T23:54:33.947795,55.41,99.50
2025-04-22T23:54:34.052876,55.41,19.60
2025-04-22T23:54:34.153691,55.41,0.00
2025-04-22T23:54:34.254041,55.41,29.80
2025-04-22T23:54:34.359099,55.41,99.60
2025-04-22T23:54:34.464163,55.47,99.30
2025-04-22T23:54:34.569244,55.47,99.20
2025-04-22T23:54:34.674330,55.47,99.30
2025-04-22T23:54:34.779412,55.47,99.10
2025-04-22T23:54:34.884495,55.47,54.60
2025-04-22T23:54:34.989577,55.47,0.00
2025-04-22T23:54:35.091825,55.47,0.00
2025-04-22T23:54:35.196894,55.47,75.00
2025-04-22T23:54:35.303115,55.48,74.90
2025-04-22T23:54:35.409835,55.56,99.40
2025-04-22T23:54:35.514919,55.56,99.30
2025-04-22T23:54:35.620000,55.56,99.40
2025-04-22T23:54:35.725145,55.58,99.10
2025-04-22T23:54:35.828805,55.58,48.00
2025-04-22T23:54:35.933909,55.58,0.10
2025-04-22T23:54:36.038986,55.56,9.20
2025-04-22T23:54:36.143998,55.56,100.00
2025-04-22T23:54:36.245644,55.56,100.00
2025-04-22T23:54:36.350705,55.56,100.00
2025-04-22T23:54:36.455761,55.56,99.90
2025-04-22T23:54:36.560825,55.56,100.00
2025-04-22T23:54:36.665899,55.56,64.10
2025-04-22T23:54:36.770958,55.56,0.00
2025-04-22T23:54:36.876035,55.56,0.10
2025-04-22T23:54:36.980243,55.56,92.30
2025-04-22T23:54:37.085315,55.56,99.90
2025-04-22T23:54:37.190366,55.56,100.00
2025-04-22T23:54:37.295436,55.56,99.70
2025-04-22T23:54:37.398282,55.56,100.00
2025-04-22T23:54:37.503351,55.56,85.70
2025-04-22T23:54:37.608396,55.56,0.00
2025-04-22T23:54:37.713435,55.56,0.00
2025-04-22T23:54:37.816720,55.56,69.80
2025-04-22T23:54:37.921766,55.56,100.00
2025-04-22T23:54:38.026812,55.58,100.00
2025-04-22T23:54:38.131860,55.58,97.30
2025-04-22T23:54:38.235989,55.58,97.00
2025-04-22T23:54:38.341085,55.58,99.90
2025-04-22T23:54:38.446171,55.58,21.60
2025-04-22T23:54:38.551228,55.58,0.00
2025-04-22T23:54:38.652750,55.58,29.00
2025-04-22T23:54:38.753086,55.58,98.50
2025-04-22T23:54:38.858170,55.58,100.00
2025-04-22T23:54:38.963252,55.58,98.50
2025-04-22T23:54:39.068350,55.58,99.90
2025-04-22T23:54:39.173431,55.58,99.10
2025-04-22T23:54:39.278520,55.58,60.30
2025-04-22T23:54:39.383629,55.58,0.70
2025-04-22T23:54:39.488725,55.58,0.00
2025-04-22T23:54:39.593800,55.58,100.00
2025-04-22T23:54:39.695538,55.58,100.00
2025-04-22T23:54:39.800601,55.67,99.90
2025-04-22T23:54:39.905649,55.67,100.00
2025-04-22T23:54:40.007474,55.67,100.00
2025-04-22T23:54:40.112530,55.67,71.60
2025-04-22T23:54:40.217573,55.67,0.00
2025-04-22T23:54:40.322619,55.67,0.00
2025-04-22T23:54:40.425597,55.67,83.80
2025-04-22T23:54:40.528513,55.67,100.00
2025-04-22T23:54:40.633555,55.67,100.00
2025-04-22T23:54:40.738587,55.67,100.00
2025-04-22T23:54:40.843620,55.67,99.70
2025-04-22T23:54:40.944188,55.67,88.20
2025-04-22T23:54:41.049252,55.67,0.20
2025-04-22T23:54:41.152946,55.67,0.40
2025-04-22T23:54:41.258029,55.67,58.80
2025-04-22T23:54:41.361404,55.70,9.10
2025-04-22T23:54:41.466668,55.67,68.30
2025-04-22T23:54:41.571852,55.77,98.00
2025-04-22T23:54:41.672461,55.88,99.90
2025-04-22T23:54:41.777565,55.88,99.90
2025-04-22T23:54:41.880724,55.88,100.00
2025-04-22T23:54:41.985831,55.88,99.30
2025-04-22T23:54:42.090962,55.88,20.50
2025-04-22T23:54:42.194306,55.88,0.10
2025-04-22T23:54:42.298925,55.88,33.50
2025-04-22T23:54:42.404031,55.88,94.60
2025-04-22T23:54:42.509140,55.89,93.40
2025-04-22T23:54:42.609297,55.89,40.80
2025-04-22T23:54:42.756732,55.89,40.20
2025-04-22T23:54:42.859790,55.89,63.10
2025-04-22T23:54:42.964811,55.89,66.50
2025-04-22T23:54:43.066912,55.89,83.60
2025-04-22T23:54:43.169776,55.89,43.70
2025-04-22T23:54:43.292265,55.89,33.20
2025-04-22T23:54:43.400667,55.78,65.10
2025-04-22T23:54:43.506199,55.69,66.60
2025-04-22T23:54:43.608095,55.61,38.90
2025-04-22T23:54:43.709876,55.59,10.30
2025-04-22T23:54:43.815012,55.59,0.00
2025-04-22T23:54:43.915597,55.59,37.60
2025-04-22T23:54:44.020745,55.58,97.20
2025-04-22T23:54:44.124900,55.69,94.60
2025-04-22T23:54:44.230037,55.70,95.70
2025-04-22T23:54:44.335136,55.70,91.50
2025-04-22T23:54:44.440259,55.70,79.80
2025-04-22T23:54:44.545439,55.70,98.60
2025-04-22T23:54:44.650549,55.69,45.00
2025-04-22T23:54:44.755663,55.69,0.00
2025-04-22T23:54:44.856093,55.69,5.90
2025-04-22T23:54:44.961190,55.67,94.00
2025-04-22T23:54:45.066384,55.67,98.30
2025-04-22T23:54:45.171500,55.69,47.90
2025-04-22T23:54:45.273623,55.66,64.70
2025-04-22T23:54:45.378773,55.66,74.10
2025-04-22T23:54:45.479764,55.66,97.50
2025-04-22T23:54:45.583921,55.64,97.30
2025-04-22T23:54:45.685272,55.64,86.30
2025-04-22T23:54:45.785545,55.64,10.40
2025-04-22T23:54:45.890668,55.55,0.20
2025-04-22T23:54:45.992341,55.55,34.40
2025-04-22T23:54:46.094012,55.61,98.60
2025-04-22T23:54:46.198863,55.61,99.40
2025-04-22T23:54:46.303956,55.73,90.00
2025-04-22T23:54:46.405608,55.47,55.10
2025-04-22T23:54:46.513925,55.30,80.50
2025-04-22T23:54:46.621181,55.19,81.20
2025-04-22T23:54:46.726311,55.17,95.00
2025-04-22T23:54:46.831462,55.14,21.70
2025-04-22T23:54:46.936612,55.05,0.10
2025-04-22T23:54:47.041738,54.95,28.00
2025-04-22T23:54:47.146907,53.30,93.30
2025-04-22T23:54:47.250900,53.39,77.20
2025-04-22T23:54:47.355660,53.64,69.80
2025-04-22T23:54:47.459544,53.34,76.50
2025-04-22T23:54:47.565463,53.34,87.10
2025-04-22T23:54:47.666968,53.34,87.90
2025-04-22T23:54:47.768090,53.34,92.80
2025-04-22T23:54:47.871590,53.34,94.00
2025-04-22T23:54:47.974733,53.34,92.20
2025-04-22T23:54:48.081431,53.34,78.70
2025-04-22T23:54:48.186618,53.28,65.40
2025-04-22T23:54:48.287770,53.22,56.70
2025-04-22T23:54:48.391574,53.22,0.00
2025-04-22T23:54:48.496711,53.22,0.10
2025-04-22T23:54:48.601816,53.22,80.90
2025-04-22T23:54:48.706908,53.22,99.80
2025-04-22T23:54:48.811986,53.27,99.80
2025-04-22T23:54:48.917066,53.36,99.60
2025-04-22T23:54:49.018883,53.36,99.50
2025-04-22T23:54:49.123973,53.23,99.80
2025-04-22T23:54:49.229048,53.23,33.90
2025-04-22T23:54:49.332562,53.23,0.90
2025-04-22T23:54:49.437651,54.86,22.80
2025-04-22T23:54:49.542903,54.91,99.10
2025-04-22T23:54:49.645013,54.98,99.90
2025-04-22T23:54:49.750075,55.00,33.00
2025-04-22T23:54:49.873142,54.91,9.30
2025-04-22T23:54:50.098030,20.95,79.30
2025-04-22T23:54:50.206956,26.67,99.30
2025-04-22T23:54:50.312064,29.91,98.50
2025-04-22T23:54:50.417154,32.84,98.30
2025-04-22T23:54:50.522225,36.73,0.00
2025-04-22T23:54:50.627280,36.73,0.00
2025-04-22T23:54:50.732339,36.73,57.90
2025-04-22T23:54:50.836813,37.62,100.00
2025-04-22T23:54:50.941857,37.84,98.90
2025-04-22T23:54:51.043626,38.67,98.30
2025-04-22T23:54:51.143967,39.09,99.10
2025-04-22T23:54:51.249067,39.09,98.00
2025-04-22T23:54:51.349297,38.73,40.30
2025-04-22T23:54:51.450646,38.73,0.00
2025-04-22T23:54:51.554537,38.73,13.80
2025-04-22T23:54:51.659624,38.75,99.90
2025-04-22T23:54:51.764715,39.69,96.50
2025-04-22T23:54:51.869795,38.98,55.00
2025-04-22T23:54:51.977611,38.94,37.80
2025-04-22T23:54:52.082882,38.78,83.60
2025-04-22T23:54:52.188108,38.64,97.70
2025-04-22T23:54:52.293217,38.69,33.60
2025-04-22T23:54:52.398426,37.42,14.00
2025-04-22T23:54:52.503629,36.44,48.80
2025-04-22T23:54:52.606042,36.56,81.70
2025-04-22T23:54:52.706609,29.59,92.30
2025-04-22T23:54:52.807265,29.23,29.00
2025-04-22T23:54:52.909466,32.12,0.10
2025-04-22T23:54:53.014103,32.12,20.40
2025-04-22T23:54:53.116323,32.80,87.80
2025-04-22T23:54:53.219513,33.14,82.30
2025-04-22T23:54:53.320209,33.45,61.40
2025-04-22T23:54:53.434984,33.45,3.00
2025-04-22T23:54:53.544900,33.45,2.40
2025-04-22T23:54:53.662709,33.45,8.20
2025-04-22T23:54:53.764121,33.45,34.30
2025-04-22T23:54:53.867410,33.47,84.90
2025-04-22T23:54:53.972975,33.97,69.60
2025-04-22T23:54:54.086061,34.52,15.50
2025-04-22T23:54:54.189810,34.41,56.80
2025-04-22T23:54:54.300984,34.86,50.10
2025-04-22T23:54:54.403307,35.33,82.90
2025-04-22T23:54:54.504539,36.03,74.60
2025-04-22T23:54:54.609770,36.56,57.10
2025-04-22T23:54:54.714791,35.06,81.30
2025-04-22T23:54:54.820199,35.98,92.90
2025-04-22T23:54:54.925352,33.77,32.00
2025-04-22T23:54:55.030657,36.62,0.10
2025-04-22T23:54:55.135849,35.69,25.60
2025-04-22T23:54:55.241031,36.30,12.20
2025-04-22T23:54:55.382437,36.44,4.60
2025-04-22T23:54:55.498317,36.33,35.70
2025-04-22T23:54:55.623465,36.36,39.60
2025-04-22T23:54:55.728816,36.42,29.30
2025-04-22T23:54:55.831107,36.44,20.40
2025-04-22T23:54:55.933784,36.02,17.00
2025-04-22T23:54:56.040725,35.34,38.40
2025-04-22T23:54:56.143682,35.97,72.10
2025-04-22T23:54:56.250835,35.48,64.90
2025-04-22T23:54:56.355400,35.48,69.20
2025-04-22T23:54:56.459008,35.47,64.20
2025-04-22T23:54:56.565713,35.67,82.30
2025-04-22T23:54:56.670050,36.55,97.20
2025-04-22T23:54:56.774742,36.77,100.00
2025-04-22T23:54:56.879835,36.77,100.10
2025-04-22T23:54:56.984893,36.80,58.80
2025-04-22T23:54:57.089951,36.80,0.00
2025-04-22T23:54:57.193596,36.80,0.00
2025-04-22T23:54:57.298779,36.80,98.20
2025-04-22T23:54:57.403881,36.94,100.00
2025-04-22T23:54:57.504119,37.06,43.20
2025-04-22T23:54:57.609032,37.08,26.90
2025-04-22T23:54:57.712818,36.94,87.10
2025-04-22T23:54:57.818441,35.86,75.00
2025-04-22T23:54:57.923975,35.86,75.60
2025-04-22T23:54:58.030461,35.86,85.70
2025-04-22T23:54:58.135691,35.86,99.40
2025-04-22T23:54:58.239548,35.86,97.70
2025-04-22T23:54:58.341368,35.86,5.00
2025-04-22T23:54:58.446475,35.88,0.10
2025-04-22T23:54:58.547675,35.88,46.90
2025-04-22T23:54:58.651064,36.83,99.80
2025-04-22T23:54:58.756167,37.09,97.40
2025-04-22T23:54:58.858785,37.22,99.40
2025-04-22T23:54:58.963902,37.22,95.90
2025-04-22T23:54:59.067923,37.22,35.90
2025-04-22T23:54:59.173628,37.22,98.70
2025-04-22T23:54:59.274946,37.22,57.40
2025-04-22T23:54:59.375301,37.22,1.50
2025-04-22T23:54:59.480418,38.88,0.00
2025-04-22T23:54:59.585992,38.88,34.80
2025-04-22T23:54:59.701012,38.89,44.60
2025-04-22T23:54:59.804494,38.91,86.50
2025-04-22T23:54:59.909730,38.97,100.10
2025-04-22T23:55:00.010779,39.09,100.00
2025-04-22T23:55:00.115846,39.09,100.00
2025-04-22T23:55:00.220927,39.09,100.00
2025-04-22T23:55:00.325992,39.11,100.00
2025-04-22T23:55:00.430531,39.11,43.50
2025-04-22T23:55:00.535583,39.11,0.00
2025-04-22T23:55:00.640625,39.11,14.50
2025-04-22T23:55:00.745715,39.11,99.70
2025-04-22T23:55:00.850812,40.03,100.10
2025-04-22T23:55:00.952616,39.20,100.00
2025-04-22T23:55:01.057683,39.20,100.00
2025-04-22T23:55:01.162733,39.20,100.20
2025-04-22T23:55:01.267792,39.47,53.00
2025-04-22T23:55:01.372885,39.47,0.50
2025-04-22T23:55:01.477998,39.53,0.80
2025-04-22T23:55:01.578233,39.55,100.00
2025-04-22T23:55:01.683329,39.58,100.00
2025-04-22T23:55:01.783625,39.70,100.00
2025-04-22T23:55:01.888681,39.70,99.20
2025-04-22T23:55:01.993742,39.67,99.80
2025-04-22T23:55:02.098811,39.67,99.60
2025-04-22T23:55:02.203881,39.45,24.10
2025-04-22T23:55:02.310070,39.45,0.00
2025-04-22T23:55:02.418582,39.25,38.40
2025-04-22T23:55:02.524178,39.36,69.80
2025-04-22T23:55:02.629365,53.00,59.30
2025-04-22T23:55:02.734098,53.81,92.60
2025-04-22T23:55:02.837769,53.86,99.00
2025-04-22T23:55:02.940910,53.88,100.10
2025-04-22T23:55:03.046008,53.88,99.50
2025-04-22T23:55:03.151112,53.88,100.00
2025-04-22T23:55:03.255436,53.88,100.00
2025-04-22T23:55:03.360492,53.88,52.40
2025-04-22T23:55:03.465605,53.88,0.10
2025-04-22T23:55:03.566453,53.59,0.00
2025-04-22T23:55:03.670830,51.94,20.80
2025-04-22T23:55:03.792423,51.94,67.00
2025-04-22T23:55:03.893063,51.88,25.50
2025-04-22T23:55:04.001947,51.89,15.60
2025-04-22T23:55:04.107602,51.52,3.70
2025-04-22T23:55:04.216522,51.34,12.40
2025-04-22T23:55:04.318327,47.55,5.40
2025-04-22T23:55:04.457163,44.16,59.80
2025-04-22T23:55:04.560328,37.56,68.20
2025-04-22T23:55:04.663880,38.34,96.80
2025-04-22T23:55:04.769035,38.47,97.30
2025-04-22T23:55:04.874135,46.41,99.50
2025-04-22T23:55:04.979222,48.86,99.60
2025-04-22T23:55:05.081915,50.73,99.50
2025-04-22T23:55:05.187004,51.41,76.80
2025-04-22T23:55:05.292077,51.41,0.00
2025-04-22T23:55:05.397156,51.41,0.10
2025-04-22T23:55:05.502221,51.41,79.60
2025-04-22T23:55:05.607323,51.56,87.40
2025-04-22T23:55:05.709860,51.66,87.40
2025-04-22T23:55:05.810354,51.69,51.40
2025-04-22T23:55:05.918260,51.69,46.50
2025-04-22T23:55:06.021696,51.70,63.40
2025-04-22T23:55:06.126986,51.17,97.80
2025-04-22T23:55:06.229499,51.17,99.90
2025-04-22T23:55:06.332906,51.17,99.70
2025-04-22T23:55:06.433250,47.66,53.20
2025-04-22T23:55:06.533569,48.12,0.00
2025-04-22T23:55:06.638638,48.12,0.00
2025-04-22T23:55:06.741535,48.12,99.90
2025-04-22T23:55:06.846610,47.70,99.90
2025-04-22T23:55:06.951718,46.75,100.10
2025-04-22T23:55:07.056777,46.75,100.00
2025-04-22T23:55:07.161819,46.75,99.40
2025-04-22T23:55:07.266899,46.75,65.10
2025-04-22T23:55:07.371422,32.08,0.00
2025-04-22T23:55:07.476482,32.08,0.10
2025-04-22T23:55:07.581523,32.08,94.50
2025-04-22T23:55:07.686566,32.09,100.00
2025-04-22T23:55:07.787972,32.25,100.00
2025-04-22T23:55:07.893029,32.25,100.00
2025-04-22T23:55:07.998080,32.25,100.00
2025-04-22T23:55:08.103119,32.25,67.20
2025-04-22T23:55:08.208152,32.25,0.00
2025-04-22T23:55:08.313197,32.25,0.00
2025-04-22T23:55:08.418264,32.19,90.10
2025-04-22T23:55:08.523328,32.20,99.80
2025-04-22T23:55:08.628416,32.27,100.00
2025-04-22T23:55:08.733472,32.27,99.80
2025-04-22T23:55:08.838521,32.27,100.00
2025-04-22T23:55:08.941998,32.28,74.90
2025-04-22T23:55:09.045589,32.28,0.00
2025-04-22T23:55:09.150636,32.28,0.00
2025-04-22T23:55:09.255673,32.28,66.80
2025-04-22T23:55:09.360832,32.28,97.10
2025-04-22T23:55:09.464142,32.39,95.00
2025-04-22T23:55:09.568584,32.39,99.10
2025-04-22T23:55:09.673679,32.39,98.20
2025-04-22T23:55:09.778331,32.39,99.40
2025-04-22T23:55:09.883458,32.39,39.40
2025-04-22T23:55:09.988520,32.39,1.30
2025-04-22T23:55:10.088926,34.05,9.60
2025-04-22T23:55:10.189636,33.94,99.80
2025-04-22T23:55:10.294724,34.08,100.00
2025-04-22T23:55:10.397102,34.17,100.00
2025-04-22T23:55:10.502182,34.17,87.50
2025-04-22T23:55:10.607368,34.16,98.50
2025-04-22T23:55:10.712483,34.12,50.00
2025-04-22T23:55:10.865098,34.02,84.90
2025-04-22T23:55:10.968378,34.02,12.50
2025-04-22T23:55:11.073554,34.02,0.00
2025-04-22T23:55:11.178828,34.02,48.70
2025-04-22T23:55:11.283610,34.02,100.10
2025-04-22T23:55:11.383887,34.30,100.00
2025-04-22T23:55:11.484212,34.33,100.20
2025-04-22T23:55:11.584588,34.33,100.00
2025-04-22T23:55:11.689666,34.33,100.00
2025-04-22T23:55:11.794734,34.33,31.30
2025-04-22T23:55:11.899790,34.33,0.00
2025-04-22T23:55:12.004849,34.33,6.00
2025-04-22T23:55:12.152315,34.06,4.80
2025-04-22T23:55:12.253715,33.77,59.00
2025-04-22T23:55:12.355252,33.70,84.30
2025-04-22T23:55:12.457984,33.80,98.40
2025-04-22T23:55:12.558495,33.97,100.00
2025-04-22T23:55:12.660777,33.62,100.00
2025-04-22T23:55:12.765848,33.62,100.00
2025-04-22T23:55:12.870897,33.62,99.20
2025-04-22T23:55:12.976003,33.55,65.60
2025-04-22T23:55:13.081067,33.55,0.00
2025-04-22T23:55:13.186123,33.55,0.00
2025-04-22T23:55:13.291166,33.55,91.80
2025-04-22T23:55:13.396240,33.81,98.20
2025-04-22T23:55:13.501313,34.08,99.50
2025-04-22T23:55:13.605146,34.08,99.60
2025-04-22T23:55:13.710228,32.44,99.40
2025-04-22T23:55:13.815412,32.20,98.90
2025-04-22T23:55:13.918653,32.20,3.10
2025-04-22T23:55:14.023937,32.20,0.10
2025-04-22T23:55:14.129067,32.20,49.20
2025-04-22T23:55:14.234191,32.23,99.40
2025-04-22T23:55:14.339305,32.28,59.40
2025-04-22T23:55:14.531915,32.38,23.50
2025-04-22T23:55:14.636049,32.36,30.10
2025-04-22T23:55:14.747697,32.47,24.40
2025-04-22T23:55:14.855348,32.48,33.60
2025-04-22T23:55:14.966731,32.36,72.60
2025-04-22T23:55:15.067977,24.31,62.70
2025-04-22T23:55:15.169284,26.64,67.90
2025-04-22T23:55:15.274656,27.67,82.00
2025-04-22T23:55:15.379935,28.81,60.50
2025-04-22T23:55:15.480990,29.42,93.00
2025-04-22T23:55:15.584593,30.34,99.40
2025-04-22T23:55:15.691233,31.83,99.90
2025-04-22T23:55:15.796350,32.11,94.70
2025-04-22T23:55:15.901618,31.94,0.00
2025-04-22T23:55:16.004620,31.94,0.00
2025-04-22T23:55:16.109991,31.92,57.90
2025-04-22T23:55:16.215074,31.97,97.40
2025-04-22T23:55:16.320193,32.02,82.30
2025-04-22T23:55:16.421745,32.14,54.40
2025-04-22T23:55:16.631608,31.64,13.00
2025-04-22T23:55:16.747635,31.62,1.20
2025-04-22T23:55:16.880912,31.62,17.60
2025-04-22T23:55:16.986551,31.62,68.70
2025-04-22T23:55:17.092147,31.61,54.30
2025-04-22T23:55:17.198468,31.61,60.10
2025-04-22T23:55:17.302181,31.61,36.30
2025-04-22T23:55:17.408437,31.42,5.10
2025-04-22T23:55:17.551718,30.48,35.20
2025-04-22T23:55:17.656899,30.84,62.60
2025-04-22T23:55:17.761269,30.91,64.50
2025-04-22T23:55:17.867259,30.94,62.80
2025-04-22T23:55:17.969482,31.00,78.70
2025-04-22T23:55:18.074261,31.02,93.90
2025-04-22T23:55:18.176034,31.06,99.20
2025-04-22T23:55:18.279209,31.02,40.80
2025-04-22T23:55:18.384295,31.19,0.00
2025-04-22T23:55:18.489376,31.19,16.20
2025-04-22T23:55:18.594423,31.22,99.50
2025-04-22T23:55:18.699480,31.31,97.90
2025-04-22T23:55:18.805427,31.50,39.70
2025-04-22T23:55:18.914020,35.00,65.30
2025-04-22T23:55:19.014511,47.83,91.70
2025-04-22T23:55:19.115643,47.84,41.70
2025-04-22T23:55:19.220930,47.84,82.70
2025-04-22T23:55:19.325074,47.84,97.80
2025-04-22T23:55:19.426764,47.84,99.80
2025-04-22T23:55:19.528871,47.84,96.20
2025-04-22T23:55:19.633980,48.06,100.00
2025-04-22T23:55:19.739060,48.06,58.20
2025-04-22T23:55:19.870896,48.06,0.00
2025-04-22T23:55:19.971428,48.05,2.30
2025-04-22T23:55:20.079955,47.81,81.40
2025-04-22T23:55:20.184964,47.84,94.80
2025-04-22T23:55:20.290274,47.94,60.10
2025-04-22T23:55:20.392814,49.16,56.70
2025-04-22T23:55:20.496882,48.23,7.80
2025-04-22T23:55:20.604667,48.23,12.00
2025-04-22T23:55:20.714021,48.23,75.20
2025-04-22T23:55:20.820563,48.23,50.10
2025-04-22T23:55:20.925861,48.23,27.20
2025-04-22T23:55:21.031052,48.23,94.90
2025-04-22T23:55:21.138055,48.23,83.20
2025-04-22T23:55:21.246189,48.23,100.10
2025-04-22T23:55:21.346943,48.22,22.30
2025-04-22T23:55:21.447666,48.22,51.40
2025-04-22T23:55:21.552797,48.14,74.30
2025-04-22T23:55:21.653553,48.14,99.40
2025-04-22T23:55:21.754103,48.16,98.30
2025-04-22T23:55:21.856059,48.16,4.10
2025-04-22T23:55:21.961163,48.17,0.30
2025-04-22T23:55:22.066180,48.17,53.00
2025-04-22T23:55:22.171247,48.16,99.50
2025-04-22T23:55:22.276310,48.23,88.40
2025-04-22T23:55:22.383682,47.95,62.90
2025-04-22T23:55:22.484565,47.83,80.80
2025-04-22T23:55:22.589819,44.58,82.90
2025-04-22T23:55:22.695084,44.58,84.00
2025-04-22T23:55:22.797467,45.08,96.90
2025-04-22T23:55:22.902306,45.11,100.00
2025-04-22T23:55:23.007447,43.55,98.80
2025-04-22T23:55:23.112554,33.50,97.20
2025-04-22T23:55:23.217697,33.50,18.10
2025-04-22T23:55:23.322517,33.50,0.00
2025-04-22T23:55:23.427242,33.50,33.90
2025-04-22T23:55:23.530967,33.31,46.30
2025-04-22T23:55:23.657019,33.33,95.00
2025-04-22T23:55:23.762205,33.33,78.20
2025-04-22T23:55:23.867355,33.39,94.50
2025-04-22T23:55:23.972511,33.50,100.10
2025-04-22T23:55:24.077657,33.50,100.00
2025-04-22T23:55:24.182763,33.50,100.00
2025-04-22T23:55:24.287831,33.50,100.00
2025-04-22T23:55:24.392884,33.50,100.00
2025-04-22T23:55:24.497928,33.50,99.10
2025-04-22T23:55:24.602975,33.50,0.00
2025-04-22T23:55:24.708022,33.39,0.00
2025-04-22T23:55:24.813119,33.34,58.30
2025-04-22T23:55:24.918195,33.39,99.90
2025-04-22T23:55:25.023326,33.64,97.10
2025-04-22T23:55:25.126870,33.61,100.10
2025-04-22T23:55:25.231438,33.61,100.00
2025-04-22T23:55:25.335734,33.61,100.10
2025-04-22T23:55:25.440884,33.61,97.30
2025-04-22T23:55:25.545997,33.61,65.40
2025-04-22T23:55:25.647419,33.61,99.90
2025-04-22T23:55:25.751962,33.61,84.90
2025-04-22T23:55:25.857041,33.61,0.00
2025-04-22T23:55:25.962096,33.61,0.10
2025-04-22T23:55:26.067132,33.61,72.40
2025-04-22T23:55:26.172174,33.61,99.90
2025-04-22T23:55:26.277218,33.77,100.00
2025-04-22T23:55:26.382263,33.78,40.90
2025-04-22T23:55:26.588088,33.78,56.00
2025-04-22T23:55:26.691901,33.47,84.60
2025-04-22T23:55:26.798038,33.47,20.20
2025-04-22T23:55:26.913236,32.61,28.80
2025-04-22T23:55:27.016473,28.17,36.50
2025-04-22T23:55:27.121411,28.39,58.50
2025-04-22T23:55:27.225904,27.06,59.50
2025-04-22T23:55:27.328891,27.22,73.60
2025-04-22T23:55:27.438541,26.84,37.20
2025-04-22T23:55:27.544088,27.08,21.00
2025-04-22T23:55:27.707152,27.59,40.10
2025-04-22T23:55:27.808615,28.17,26.80
2025-04-22T23:55:27.913988,28.31,4.30
2025-04-22T23:55:28.022072,30.22,0.00
2025-04-22T23:55:28.130960,30.08,0.20
2025-04-22T23:55:28.234666,29.05,52.20
2025-04-22T23:55:28.338967,29.95,18.70
2025-04-22T23:55:28.444195,29.95,7.70
2025-04-22T23:55:28.549878,29.95,10.20
2025-04-22T23:55:28.692529,29.77,32.00
2025-04-22T23:55:28.799629,29.62,10.30
2025-04-22T23:55:28.910663,29.62,24.00
2025-04-22T23:55:29.015387,29.62,18.60
2025-04-22T23:55:29.118203,29.66,26.60
2025-04-22T23:55:29.219868,29.69,26.00
2025-04-22T23:55:29.321354,29.70,67.50
2025-04-22T23:55:29.426476,30.09,75.10
2025-04-22T23:55:29.528692,30.09,97.70
2025-04-22T23:55:29.632504,31.95,96.10
2025-04-22T23:55:29.737652,32.66,93.10
2025-04-22T23:55:29.842588,32.77,52.10
2025-04-22T23:55:29.947770,33.19,89.90
2025-04-22T23:55:30.051182,33.23,97.70
2025-04-22T23:55:30.153730,33.23,98.50
2025-04-22T23:55:30.258932,33.25,99.50
2025-04-22T23:55:30.364052,33.27,20.20
2025-04-22T23:55:30.467748,33.27,0.10
2025-04-22T23:55:30.572936,33.27,36.00
2025-04-22T23:55:30.675638,33.28,99.50
2025-04-22T23:55:30.780759,33.38,99.40
2025-04-22T23:55:30.885886,33.50,97.60
2025-04-22T23:55:30.991022,33.52,89.20
2025-04-22T23:55:31.096174,33.52,77.60
2025-04-22T23:55:31.204070,33.52,93.50
2025-04-22T23:55:31.309292,33.52,96.80
2025-04-22T23:55:31.414428,33.52,78.40
2025-04-22T23:55:31.519571,33.52,60.10
2025-04-22T23:55:31.621281,33.52,83.60
2025-04-22T23:55:31.726817,33.52,86.80
2025-04-22T23:55:31.827450,33.73,36.40
2025-04-22T23:55:31.928905,33.77,0.40
2025-04-22T23:55:32.034404,33.80,11.20
2025-04-22T23:55:32.139563,33.80,89.80
2025-04-22T23:55:32.241231,33.91,48.20
2025-04-22T23:55:32.341500,33.94,69.40
2025-04-22T23:55:32.451506,35.02,36.40
2025-04-22T23:55:32.553492,34.16,86.20
2025-04-22T23:55:32.658636,34.17,91.60
2025-04-22T23:55:32.762806,34.17,90.50
2025-04-22T23:55:32.868215,34.17,87.50
2025-04-22T23:55:32.970190,34.17,94.00
2025-04-22T23:55:33.075382,34.17,92.70
2025-04-22T23:55:33.179783,34.17,96.30
2025-04-22T23:55:33.281496,34.17,89.10
2025-04-22T23:55:33.385239,34.17,74.40
2025-04-22T23:55:33.488132,34.17,0.10
2025-04-22T23:55:33.593293,34.17,0.00
2025-04-22T23:55:33.697173,34.17,75.20
2025-04-22T23:55:33.802284,34.27,99.40
2025-04-22T23:55:33.907380,34.36,99.20
2025-04-22T23:55:34.010710,34.38,93.20
2025-04-22T23:55:34.115861,34.38,87.90
2025-04-22T23:55:34.217598,34.30,95.60
2025-04-22T23:55:34.321411,34.30,97.90
2025-04-22T23:55:34.426533,34.30,98.90
2025-04-22T23:55:34.531655,34.30,90.90
2025-04-22T23:55:34.636136,34.30,55.90
2025-04-22T23:55:34.743068,34.30,64.90
2025-04-22T23:55:34.848225,34.30,0.10
2025-04-22T23:55:34.952111,34.30,0.00
2025-04-22T23:55:35.056260,34.30,41.70
2025-04-22T23:55:35.159082,34.30,68.60
2025-04-22T23:55:35.263085,34.33,69.60
2025-04-22T23:55:35.366953,34.31,67.60
2025-04-22T23:55:35.477576,34.31,8.40
2025-04-22T23:55:35.582820,34.31,43.10
2025-04-22T23:55:35.688004,34.31,92.00
2025-04-22T23:55:35.790244,34.31,78.00
2025-04-22T23:55:35.892247,34.31,93.70
2025-04-22T23:55:35.993889,34.31,96.60
2025-04-22T23:55:36.098957,34.31,95.80
2025-04-22T23:55:36.201174,34.31,98.30
2025-04-22T23:55:36.302224,34.31,99.60
2025-04-22T23:55:36.407342,34.31,75.10
2025-04-22T23:55:36.512455,34.31,0.10
2025-04-22T23:55:36.612615,34.31,0.00
2025-04-22T23:55:36.717724,34.31,76.50
2025-04-22T23:55:36.821952,34.31,99.20
2025-04-22T23:55:36.923177,34.31,93.20
2025-04-22T23:55:37.024177,34.31,94.20
2025-04-22T23:55:37.127203,34.31,82.40
2025-04-22T23:55:37.232508,34.31,95.70
2025-04-22T23:55:37.334474,34.31,90.80
2025-04-22T23:55:37.439608,34.31,92.30
2025-04-22T23:55:37.544769,34.31,79.70
2025-04-22T23:55:37.645657,34.31,94.60
2025-04-22T23:55:37.750828,34.31,75.40
2025-04-22T23:55:37.851240,34.31,0.10
2025-04-22T23:55:37.956360,34.31,0.00
2025-04-22T23:55:38.061480,34.31,79.10
2025-04-22T23:55:38.166590,34.34,99.70
2025-04-22T23:55:38.271694,34.34,99.60
2025-04-22T23:55:38.376794,34.34,92.90
2025-04-22T23:55:38.477070,34.34,87.70
2025-04-22T23:55:38.582271,34.34,64.00
2025-04-22T23:55:38.684806,34.34,85.70
2025-04-22T23:55:38.789986,34.34,69.10
2025-04-22T23:55:38.892238,34.34,58.20
2025-04-22T23:55:38.992858,34.34,47.20
2025-04-22T23:55:39.095665,34.34,62.40
2025-04-22T23:55:39.198956,34.34,78.40
2025-04-22T23:55:39.304167,34.34,0.00
2025-04-22T23:55:39.406042,34.34,0.00
2025-04-22T23:55:39.511165,34.34,60.20
2025-04-22T23:55:39.616272,34.42,98.20
2025-04-22T23:55:39.721413,34.45,96.90
2025-04-22T23:55:39.826554,48.97,97.30
2025-04-22T23:55:39.931693,48.97,97.10
2025-04-22T23:55:40.036829,48.97,97.10
2025-04-22T23:55:40.141985,48.97,45.70
2025-04-22T23:55:40.255802,48.97,7.50
2025-04-22T23:55:40.364645,48.92,7.30
2025-04-22T23:55:40.467013,48.92,36.20
2025-04-22T23:55:40.571244,48.92,28.80
2025-04-22T23:55:40.679556,48.86,52.50
2025-04-22T23:55:40.785184,48.86,1.80
2025-04-22T23:55:40.890964,48.86,1.00
2025-04-22T23:55:40.993041,48.48,48.80
2025-04-22T23:55:41.098474,45.88,93.00
2025-04-22T23:55:41.199932,45.88,96.30
2025-04-22T23:55:41.305062,45.88,5.80
2025-04-22T23:55:41.410228,45.38,0.00
2025-04-22T23:55:41.515373,45.38,51.30
2025-04-22T23:55:41.620485,45.45,98.90
2025-04-22T23:55:41.725586,45.66,98.40
2025-04-22T23:55:41.828035,46.05,99.30
2025-04-22T23:55:41.928262,46.59,99.50
2025-04-22T23:55:42.033456,47.88,99.40
2025-04-22T23:55:42.138556,48.41,83.90
2025-04-22T23:55:42.243643,48.42,0.00
2025-04-22T23:55:42.348717,48.42,0.00
2025-04-22T23:55:42.453785,48.42,70.20
2025-04-22T23:55:42.558861,48.45,99.60
2025-04-22T23:55:42.663956,48.53,99.70
2025-04-22T23:55:42.764510,48.53,93.90
2025-04-22T23:55:42.864897,48.53,99.70
2025-04-22T23:55:42.965260,48.53,99.70
2025-04-22T23:55:43.067542,48.53,59.80
2025-04-22T23:55:43.172663,48.53,0.00
2025-04-22T23:55:43.277767,48.53,0.00
2025-04-22T23:55:43.382479,48.53,96.10
2025-04-22T23:55:43.483762,48.53,99.70
2025-04-22T23:55:43.584099,48.59,99.70
2025-04-22T23:55:43.684487,48.59,99.60
2025-04-22T23:55:43.789592,48.59,99.70
2025-04-22T23:55:43.894691,48.59,95.70
2025-04-22T23:55:43.999789,48.59,0.10
2025-04-22T23:55:44.102536,48.59,0.00
2025-04-22T23:55:44.202881,48.59,52.50
2025-04-22T23:55:44.303340,48.59,95.30
2025-04-22T23:55:44.404975,48.59,92.30
2025-04-22T23:55:44.511077,48.36,95.50
2025-04-22T23:55:44.616190,48.17,98.70
2025-04-22T23:55:44.720814,48.17,99.50
2025-04-22T23:55:44.821800,48.17,99.40
2025-04-22T23:55:44.926987,48.17,32.10
2025-04-22T23:55:45.027814,48.17,0.10
2025-04-22T23:55:45.132897,48.17,22.30
2025-04-22T23:55:45.237977,48.17,99.60
2025-04-22T23:55:45.339283,49.11,99.70
2025-04-22T23:55:45.440239,48.20,99.60
2025-04-22T23:55:45.545324,48.20,99.80
2025-04-22T23:55:45.650415,48.20,99.70
2025-04-22T23:55:45.755514,48.20,56.40
2025-04-22T23:55:45.858707,48.20,0.00
2025-04-22T23:55:45.963788,48.20,0.10
2025-04-22T23:55:46.066305,48.20,97.30
2025-04-22T23:55:46.171391,48.20,99.70
2025-04-22T23:55:46.275476,48.20,99.70
2025-04-22T23:55:46.377222,48.20,99.30
2025-04-22T23:55:46.482322,48.20,99.70
2025-04-22T23:55:46.587427,48.20,99.60
2025-04-22T23:55:46.692517,48.22,14.10
2025-04-22T23:55:46.794358,48.22,0.00
2025-04-22T23:55:46.899454,48.22,40.40
2025-04-22T23:55:47.004545,48.23,99.90
2025-04-22T23:55:47.109640,48.30,99.70
2025-04-22T23:55:47.214731,48.31,99.70
2025-04-22T23:55:47.319818,48.31,99.80
2025-04-22T23:55:47.424906,48.31,99.70
2025-04-22T23:55:47.529993,48.31,25.70
2025-04-22T23:55:47.635097,48.31,0.00
2025-04-22T23:55:47.737561,48.31,29.10
2025-04-22T23:55:47.842667,48.31,99.80
2025-04-22T23:55:47.947768,48.31,99.70
2025-04-22T23:55:48.049103,48.33,99.70
2025-04-22T23:55:48.154199,48.33,99.60
2025-04-22T23:55:48.259299,48.33,99.70
2025-04-22T23:55:48.364391,48.33,79.20
2025-04-22T23:55:48.469479,48.33,0.00
2025-04-22T23:55:48.574552,48.33,0.10
2025-04-22T23:55:48.679640,48.33,77.50
2025-04-22T23:55:48.784729,48.33,99.70
2025-04-22T23:55:48.884899,48.42,99.70
2025-04-22T23:55:48.986383,48.42,99.70
2025-04-22T23:55:49.091483,48.42,99.80
2025-04-22T23:55:49.196580,48.42,99.70
2025-04-22T23:55:49.301666,48.42,3.00
2025-04-22T23:55:49.403131,48.42,0.00
2025-04-22T23:55:49.504096,48.42,46.10
2025-04-22T23:55:49.605222,48.70,99.70
2025-04-22T23:55:49.706823,48.73,99.20
2025-04-22T23:55:49.811914,48.73,99.70
2025-04-22T23:55:49.917015,48.73,99.70
2025-04-22T23:55:50.022116,48.73,99.60
2025-04-22T23:55:50.123753,48.73,38.40
2025-04-22T23:55:50.224037,48.73,0.00
2025-04-22T23:55:50.324397,48.73,7.30
2025-04-22T23:55:50.424795,48.73,99.60
2025-04-22T23:55:50.526202,48.73,99.70
2025-04-22T23:55:50.631310,48.73,99.70
2025-04-22T23:55:50.736403,48.73,99.70
2025-04-22T23:55:50.841500,48.73,99.70
2025-04-22T23:55:50.941867,48.73,72.40
2025-04-22T23:55:51.046961,48.73,0.10
2025-04-22T23:55:51.152043,48.72,0.00
2025-04-22T23:55:51.257119,48.72,84.20
2025-04-22T23:55:51.362223,48.72,95.00
2025-04-22T23:55:51.466777,48.78,96.20
2025-04-22T23:55:51.567979,48.78,99.10
2025-04-22T23:55:51.673108,48.78,99.60
2025-04-22T23:55:51.778207,48.78,99.60
2025-04-22T23:55:51.883307,48.78,19.50
2025-04-22T23:55:51.988397,48.78,0.10
2025-04-22T23:55:52.093474,48.78,38.00
2025-04-22T23:55:52.198563,48.78,99.30
2025-04-22T23:55:52.302823,48.86,99.60
2025-04-22T23:55:52.406260,48.86,99.70
2025-04-22T23:55:52.511669,48.86,99.70
2025-04-22T23:55:52.616782,48.86,66.70
2025-04-22T23:55:52.731345,48.88,79.90
2025-04-22T23:55:52.835603,48.88,6.90
2025-04-22T23:55:52.940719,48.88,0.00
2025-04-22T23:55:53.045808,48.88,52.30
2025-04-22T23:55:53.150964,48.91,99.60
2025-04-22T23:55:53.251376,48.88,99.80
2025-04-22T23:55:53.351737,48.88,99.60
2025-04-22T23:55:53.452072,48.88,99.60
2025-04-22T23:55:53.552456,48.88,99.80
2025-04-22T23:55:53.657542,48.88,46.70
2025-04-22T23:55:53.762620,48.88,0.00
2025-04-22T23:55:53.867701,48.88,8.40
2025-04-22T23:55:53.970541,48.88,99.70
2025-04-22T23:55:54.070909,48.88,99.80
2025-04-22T23:55:54.176164,48.89,99.00
2025-04-22T23:55:54.281253,48.89,98.70
2025-04-22T23:55:54.386336,48.89,99.30
2025-04-22T23:55:54.489109,48.88,98.90
2025-04-22T23:55:54.594217,48.88,20.70
2025-04-22T23:55:54.699317,48.88,0.00
2025-04-22T23:55:54.804406,48.88,39.00
2025-04-22T23:55:54.909499,48.88,98.60
2025-04-22T23:55:55.014616,48.91,99.70
2025-04-22T23:55:55.119719,48.89,99.60
2025-04-22T23:55:55.224381,48.89,99.50
2025-04-22T23:55:55.329273,48.89,99.40
2025-04-22T23:55:55.434380,48.89,99.60
2025-04-22T23:55:55.539489,48.89,42.10
2025-04-22T23:55:55.641461,48.89,0.00
2025-04-22T23:55:55.743317,48.89,10.00
2025-04-22T23:55:55.847968,48.89,99.50
2025-04-22T23:55:55.953068,48.89,99.60
2025-04-22T23:55:56.058158,48.89,99.80
2025-04-22T23:55:56.161582,48.89,99.70
2025-04-22T23:55:56.261984,48.89,99.80
2025-04-22T23:55:56.362310,48.89,99.60
2025-04-22T23:55:56.467418,48.89,7.80
2025-04-22T23:55:56.570361,48.89,0.10
2025-04-22T23:55:56.675465,48.89,48.40
2025-04-22T23:55:56.780567,48.89,98.30
2025-04-22T23:55:56.885660,48.89,99.00
2025-04-22T23:55:56.990785,48.91,92.60
2025-04-22T23:55:57.096026,34.45,82.00
2025-04-22T23:55:57.198656,34.45,90.10
2025-04-22T23:55:57.301934,34.45,99.60
2025-04-22T23:55:57.407048,34.45,99.60
2025-04-22T23:55:57.512156,34.45,15.20
2025-04-22T23:55:57.616051,34.45,0.00
2025-04-22T23:55:57.721164,34.45,41.40
2025-04-22T23:55:57.826265,34.45,99.70
2025-04-22T23:55:57.931378,34.45,99.70
2025-04-22T23:55:58.034123,34.45,99.60
2025-04-22T23:55:58.136526,34.45,99.80
2025-04-22T23:55:58.237419,34.45,98.50
2025-04-22T23:55:58.342519,34.45,40.00
2025-04-22T23:55:58.458224,34.45,1.50
2025-04-22T23:55:58.558997,34.45,0.10
2025-04-22T23:55:58.664098,34.45,51.40
2025-04-22T23:55:58.769197,34.45,99.70
2025-04-22T23:55:58.871131,34.48,99.60
2025-04-22T23:55:58.972011,34.48,99.70
2025-04-22T23:55:59.072280,34.48,99.70
2025-04-22T23:55:59.177421,34.48,99.60
2025-04-22T23:55:59.282518,34.48,90.50
2025-04-22T23:55:59.387625,34.48,0.00
2025-04-22T23:55:59.492731,34.48,1.30
2025-04-22T23:55:59.596700,34.52,66.20
2025-04-22T23:55:59.700121,34.52,97.20
2025-04-22T23:55:59.805220,35.44,99.50
2025-04-22T23:55:59.907291,34.53,88.30
2025-04-22T23:56:00.013091,34.53,59.50
2025-04-22T23:56:00.119440,33.72,78.20
2025-04-22T23:56:00.224690,33.67,98.60
2025-04-22T23:56:00.329883,34.11,99.50
2025-04-22T23:56:00.435092,33.86,99.70
2025-04-22T23:56:00.540257,33.81,95.30
2025-04-22T23:56:00.643558,33.81,0.00
2025-04-22T23:56:00.743663,33.81,0.00
2025-04-22T23:56:00.843958,33.70,50.40
2025-04-22T23:56:00.945038,33.73,99.60
2025-04-22T23:56:01.048205,33.91,99.70
2025-04-22T23:56:01.153306,33.91,99.70
2025-04-22T23:56:01.258410,33.91,98.60
2025-04-22T23:56:01.363013,33.83,95.20
2025-04-22T23:56:01.468111,33.75,97.60
2025-04-22T23:56:01.573241,33.44,45.50
2025-04-22T23:56:01.678379,33.44,0.10
2025-04-22T23:56:01.783671,33.44,13.60
2025-04-22T23:56:01.888806,33.44,99.50
2025-04-22T23:56:01.993918,33.52,99.80
2025-04-22T23:56:02.098120,33.61,99.70
2025-04-22T23:56:02.199444,33.61,99.90
2025-04-22T23:56:02.301540,33.86,77.90
2025-04-22T23:56:02.424210,33.81,11.50
2025-04-22T23:56:02.525314,33.64,15.80
2025-04-22T23:56:02.692744,31.56,15.20
2025-04-22T23:56:02.797808,29.84,49.50
2025-04-22T23:56:02.902453,30.50,83.00
2025-04-22T23:56:03.005031,31.33,95.90
2025-04-22T23:56:03.110094,32.77,0.50
2025-04-22T23:56:03.211999,33.39,0.00
2025-04-22T23:56:03.314448,33.39,51.30
2025-04-22T23:56:03.419614,33.42,99.70
2025-04-22T23:56:03.520831,33.62,99.70
2025-04-22T23:56:03.625923,33.64,99.60
2025-04-22T23:56:03.731014,33.64,99.60
2025-04-22T23:56:03.835795,33.59,99.50
2025-04-22T23:56:03.940900,33.59,25.00
2025-04-22T23:56:04.045999,33.59,0.10
2025-04-22T23:56:04.151143,33.59,0.10
2025-04-22T23:56:04.254040,33.59,69.10
2025-04-22T23:56:04.357045,33.59,98.80
2025-04-22T23:56:04.462165,33.73,99.80
2025-04-22T23:56:04.567265,33.73,99.70
2025-04-22T23:56:04.672355,33.73,99.70
2025-04-22T23:56:04.775186,33.72,99.00
2025-04-22T23:56:04.880282,33.70,5.70
2025-04-22T23:56:04.985356,33.70,0.10
2025-04-22T23:56:05.090415,33.70,51.40
2025-04-22T23:56:05.195503,33.75,99.70
2025-04-22T23:56:05.300166,33.75,99.70
2025-04-22T23:56:05.405263,33.75,99.70
2025-04-22T23:56:05.509854,33.75,99.80
2025-04-22T23:56:05.610624,33.75,99.60
2025-04-22T23:56:05.711803,33.75,25.30
2025-04-22T23:56:05.816893,33.75,0.00
2025-04-22T23:56:05.921988,33.75,31.80
2025-04-22T23:56:06.027075,33.75,99.70
2025-04-22T23:56:06.129963,48.55,99.70
2025-04-22T23:56:06.235081,48.52,99.70
2025-04-22T23:56:06.340173,48.52,99.70
2025-04-22T23:56:06.445259,48.52,99.70
2025-04-22T23:56:06.548088,48.52,55.10
2025-04-22T23:56:06.653112,48.52,0.00
2025-04-22T23:56:06.758196,48.52,1.90
2025-04-22T23:56:06.863267,48.52,99.80
2025-04-22T23:56:06.963745,48.56,99.90
2025-04-22T23:56:07.069065,48.64,98.70
2025-04-22T23:56:07.174290,48.62,89.40
2025-04-22T23:56:07.279410,48.62,99.70
2025-04-22T23:56:07.384354,48.62,90.70
2025-04-22T23:56:07.485974,48.62,0.10
2025-04-22T23:56:07.591072,48.62,0.00
2025-04-22T23:56:07.696158,48.62,65.70
2025-04-22T23:56:07.801250,48.62,97.00
2025-04-22T23:56:07.902867,48.62,99.60
2025-04-22T23:56:08.007990,48.62,99.70
2025-04-22T23:56:08.113088,48.62,97.40
2025-04-22T23:56:08.218194,48.62,99.40
2025-04-22T23:56:08.320475,48.62,53.60
2025-04-22T23:56:08.425590,48.62,0.00
2025-04-22T23:56:08.530684,48.62,3.50
2025-04-22T23:56:08.635769,48.62,99.70
2025-04-22T23:56:08.740875,48.62,99.70
2025-04-22T23:56:08.845975,48.62,99.70
2025-04-22T23:56:08.951074,48.62,99.70
2025-04-22T23:56:09.056189,48.62,99.80
2025-04-22T23:56:09.156550,48.62,69.20
2025-04-22T23:56:09.257568,48.62,0.00
2025-04-22T23:56:09.357910,48.62,0.00
2025-04-22T23:56:09.463016,48.62,82.50
2025-04-22T23:56:09.568113,48.64,100.00
2025-04-22T23:56:09.673221,49.58,99.60
2025-04-22T23:56:09.776101,49.58,99.80
2025-04-22T23:56:09.876456,49.58,99.70
2025-04-22T23:56:09.976753,49.58,99.70
2025-04-22T23:56:10.079974,49.58,2.10
2025-04-22T23:56:10.185059,49.58,0.10
2025-04-22T23:56:10.290309,49.58,53.90
2025-04-22T23:56:10.395479,49.56,99.60
2025-04-22T23:56:10.500586,49.70,99.70
2025-04-22T23:56:10.605698,49.61,99.60
2025-04-22T23:56:10.710819,49.61,99.50
2025-04-22T23:56:10.813066,49.61,99.70
2025-04-22T23:56:10.913395,49.61,99.50
2025-04-22T23:56:11.018496,49.61,80.90
2025-04-22T23:56:11.123596,49.61,0.00
2025-04-22T23:56:11.228684,49.61,0.10
2025-04-22T23:56:11.331320,49.61,73.60
2025-04-22T23:56:11.436418,49.61,32.40
2025-04-22T23:56:11.539032,49.61,99.00
2025-04-22T23:56:11.644152,49.66,99.30
2025-04-22T23:56:11.749272,49.66,99.80
2025-04-22T23:56:11.849897,49.66,99.60
2025-04-22T23:56:11.950365,49.66,99.60
2025-04-22T23:56:12.055466,49.66,60.30
2025-04-22T23:56:12.160570,49.66,0.00
2025-04-22T23:56:12.265662,49.66,0.40
2025-04-22T23:56:12.370762,49.67,96.60
2025-04-22T23:56:12.475859,49.67,99.80
2025-04-22T23:56:12.580946,49.67,99.70
2025-04-22T23:56:12.685714,49.67,99.60
2025-04-22T23:56:12.790816,49.67,99.30
2025-04-22T23:56:12.895914,49.67,77.00
2025-04-22T23:56:13.001018,49.67,0.20
2025-04-22T23:56:13.103765,49.67,0.00
2025-04-22T23:56:13.204740,49.67,73.90
2025-04-22T23:56:13.309827,49.67,99.70
2025-04-22T23:56:13.414918,48.80,99.20
2025-04-22T23:56:13.520019,48.80,99.60
2025-04-22T23:56:13.622959,48.80,98.30
2025-04-22T23:56:13.728079,48.80,99.80
2025-04-22T23:56:13.831241,48.80,27.90
2025-04-22T23:56:13.936644,48.80,0.00
2025-04-22T23:56:14.041014,48.80,29.00
2025-04-22T23:56:14.146114,48.80,98.70
2025-04-22T23:56:14.251210,48.80,99.80
2025-04-22T23:56:14.356316,48.80,98.00
2025-04-22T23:56:14.458688,48.80,99.80
2025-04-22T23:56:14.559544,48.81,99.60
2025-04-22T23:56:14.664675,48.81,55.00
2025-04-22T23:56:14.769771,48.81,0.00
2025-04-22T23:56:14.874935,48.81,0.30
2025-04-22T23:56:14.977669,48.81,97.60
2025-04-22T23:56:15.082885,48.78,98.50
2025-04-22T23:56:15.187995,48.80,83.60
2025-04-22T23:56:15.300978,48.80,47.70
2025-04-22T23:56:15.406710,48.80,26.30
2025-04-22T23:56:15.507177,48.80,68.00
2025-04-22T23:56:15.608242,48.78,48.90
2025-04-22T23:56:15.713729,48.62,57.00
2025-04-22T23:56:15.814251,48.27,49.90
2025-04-22T23:56:15.917133,48.02,71.50
2025-04-22T23:56:16.022501,47.97,80.20
2025-04-22T23:56:16.127765,48.06,72.50
2025-04-22T23:56:16.232460,46.36,43.70
2025-04-22T23:56:16.338231,45.08,52.70
2025-04-22T23:56:16.443642,45.08,47.40
2025-04-22T23:56:16.548931,45.52,63.50
2025-04-22T23:56:16.650928,46.17,3.20
2025-04-22T23:56:16.756971,47.58,0.00
2025-04-22T23:56:16.862220,45.16,50.20
2025-04-22T23:56:16.967299,46.06,98.10
2025-04-22T23:56:17.068404,46.06,96.70
2025-04-22T23:56:17.168589,46.22,92.70
2025-04-22T23:56:17.273836,45.78,97.90
2025-04-22T23:56:17.379066,40.16,98.30
2025-04-22T23:56:17.481913,32.16,95.20
2025-04-22T23:56:17.586906,32.36,67.50
2025-04-22T23:56:17.719028,32.23,1.00
2025-04-22T23:56:17.826076,32.20,0.20
2025-04-22T23:56:17.931391,32.17,0.10
2025-04-22T23:56:18.065495,29.58,2.90
2025-04-22T23:56:18.351720,18.69,13.60
2025-04-22T23:56:18.499552,15.73,5.10
2025-04-22T23:56:18.604835,15.70,33.00
2025-04-22T23:56:18.716977,17.22,27.20
2025-04-22T23:56:18.821036,17.94,9.30
2025-04-22T23:56:18.936012,18.09,5.00
2025-04-22T23:56:19.132689,17.66,0.70
2025-04-22T23:56:19.483044,17.45,1.50
2025-04-22T23:56:19.751858,17.64,0.40
2025-04-22T23:56:19.885038,17.08,10.30
2025-04-22T23:56:19.992603,19.44,8.60
2025-04-22T23:56:20.102925,19.72,33.90
2025-04-22T23:56:20.208286,21.23,13.30
2025-04-22T23:56:20.313638,20.89,35.70
2025-04-22T23:56:20.415890,21.97,53.40
2025-04-22T23:56:20.518667,22.38,74.10
2025-04-22T23:56:20.623312,23.59,34.50
2025-04-22T23:56:20.728511,26.86,0.00
2025-04-22T23:56:20.833667,26.86,11.70
2025-04-22T23:56:20.934699,27.47,86.60
2025-04-22T23:56:21.039716,27.89,93.50
2025-04-22T23:56:21.145065,28.22,96.50
2025-04-22T23:56:21.250737,28.25,92.40
2025-04-22T23:56:21.355891,28.92,82.50
2025-04-22T23:56:21.459005,29.70,92.80
2025-04-22T23:56:21.564179,30.61,97.70
2025-04-22T23:56:21.667873,31.53,98.80
2025-04-22T23:56:21.769290,32.78,98.80
2025-04-22T23:56:21.870598,33.02,43.10
2025-04-22T23:56:21.975703,33.02,0.00
2025-04-22T23:56:22.080781,33.02,14.10
2025-04-22T23:56:22.185847,33.02,99.70
2025-04-22T23:56:22.286661,33.03,99.00
2025-04-22T23:56:22.387025,34.58,89.40
2025-04-22T23:56:22.488337,47.86,96.40
2025-04-22T23:56:22.593514,47.88,97.10
2025-04-22T23:56:22.698620,47.88,83.60
2025-04-22T23:56:22.803727,47.89,58.50
2025-04-22T23:56:22.909128,47.27,50.00
2025-04-22T23:56:23.019916,47.25,0.20
2025-04-22T23:56:23.148917,47.22,51.50
2025-04-22T23:56:23.254236,47.14,40.30
2025-04-22T23:56:23.368277,47.45,0.10
2025-04-22T23:56:23.470170,47.28,0.10
2025-04-22T23:56:23.576077,46.34,0.80
2025-04-22T23:56:23.686621,41.97,1.40
2025-04-22T23:56:23.839962,26.84,1.00
2025-04-22T23:56:23.945317,26.97,31.00
2025-04-22T23:56:24.089509,27.06,47.00
2025-04-22T23:56:24.228639,26.17,9.80
2025-04-22T23:56:24.337873,23.91,2.10
2025-04-22T23:56:24.483695,23.55,14.60
2025-04-22T23:56:24.584108,21.94,12.70
2025-04-22T23:56:24.688432,19.77,65.70
2025-04-22T23:56:24.792824,19.22,55.30
2025-04-22T23:56:24.895783,17.86,22.90
2025-04-22T23:56:25.008841,12.72,51.00
2025-04-22T23:56:25.112765,14.38,75.80
2025-04-22T23:56:25.213680,14.45,44.50
2025-04-22T23:56:25.407433,14.25,45.00
2025-04-22T23:56:25.512797,17.58,96.70
2025-04-22T23:56:25.616741,23.31,93.60
2025-04-22T23:56:25.718576,25.47,97.10
2025-04-22T23:56:25.820963,27.08,98.10
2025-04-22T23:56:25.926075,28.69,97.70
2025-04-22T23:56:26.031175,30.20,40.10
2025-04-22T23:56:26.134750,31.02,0.00
2025-04-22T23:56:26.239869,31.02,13.00
2025-04-22T23:56:26.341135,31.23,97.30
2025-04-22T23:56:26.441512,31.28,97.70
2025-04-22T23:56:26.546672,31.47,96.10
2025-04-22T23:56:26.651835,31.56,87.10
2025-04-22T23:56:26.753166,31.56,82.10
2025-04-22T23:56:26.858337,31.56,61.60
2025-04-22T23:56:26.962493,31.56,63.10
2025-04-22T23:56:27.065448,31.56,74.90
2025-04-22T23:56:27.170611,31.56,10.70
2025-04-22T23:56:27.273270,31.53,23.20
2025-04-22T23:56:27.375973,31.20,91.80
2025-04-22T23:56:27.476931,30.89,53.70
2025-04-22T23:56:27.582760,30.81,86.20
2025-04-22T23:56:27.687325,29.66,12.60
2025-04-22T23:56:27.792538,30.81,0.20
2025-04-22T23:56:27.897717,31.12,43.10
2025-04-22T23:56:28.002831,31.11,98.60
2025-04-22T23:56:28.106694,31.17,99.20
2025-04-22T23:56:28.207598,30.34,96.90
2025-04-22T23:56:28.316610,27.19,25.90
2025-04-22T23:56:28.460282,25.66,10.40
2025-04-22T23:56:28.586660,25.50,7.90
2025-04-22T23:56:28.701241,25.12,1.70
2025-04-22T23:56:28.838332,25.14,31.50
2025-04-22T23:56:28.956596,25.47,8.30
2025-04-22T23:56:29.084741,25.52,39.60
2025-04-22T23:56:29.189853,25.88,29.70
2025-04-22T23:56:29.293671,26.14,44.70
2025-04-22T23:56:29.398367,26.59,56.70
2025-04-22T23:56:29.501475,27.08,68.60
2025-04-22T23:56:29.608651,29.52,54.00
2025-04-22T23:56:29.712301,29.86,49.30
2025-04-22T23:56:29.818871,29.97,37.80
2025-04-22T23:56:29.919462,28.89,52.60
2025-04-22T23:56:30.024169,28.12,38.40
2025-04-22T23:56:30.124736,26.91,39.70
2025-04-22T23:56:30.228284,26.89,71.70
2025-04-22T23:56:30.331513,27.67,75.20
2025-04-22T23:56:30.434451,28.62,64.00
2025-04-22T23:56:30.535120,29.28,6.40
2025-04-22T23:56:30.638800,30.56,0.00
2025-04-22T23:56:30.744022,30.56,40.80
2025-04-22T23:56:30.849125,31.50,94.70
2025-04-22T23:56:30.953681,31.72,98.20
2025-04-22T23:56:31.058808,31.88,98.20
2025-04-22T23:56:31.163937,31.98,98.90
2025-04-22T23:56:31.268263,32.94,95.30
2025-04-22T23:56:31.368808,32.94,54.40
2025-04-22T23:56:31.471161,32.94,67.30
2025-04-22T23:56:31.576334,32.94,85.60
2025-04-22T23:56:31.681531,32.94,71.70
2025-04-22T23:56:31.782161,32.94,85.20
2025-04-22T23:56:31.886461,32.94,85.70
2025-04-22T23:56:31.987439,32.94,23.80
2025-04-22T23:56:32.087802,31.30,0.10
2025-04-22T23:56:32.189721,31.30,4.30
2025-04-22T23:56:32.294895,31.30,79.40
2025-04-22T23:56:32.400424,31.30,35.80
2025-04-22T23:56:32.504269,31.39,55.40
2025-04-22T23:56:32.609385,31.39,51.70
2025-04-22T23:56:32.714653,31.41,46.90
2025-04-22T23:56:32.817479,31.77,59.70
2025-04-22T23:56:32.920803,34.06,53.80
2025-04-22T23:56:33.026834,26.98,62.50
2025-04-22T23:56:33.132455,26.52,71.30
2025-04-22T23:56:33.237566,30.14,72.60
2025-04-22T23:56:33.342204,31.17,74.60
2025-04-22T23:56:33.445628,31.28,90.30
2025-04-22T23:56:33.550865,31.39,94.70
2025-04-22T23:56:33.656010,30.81,58.10
2025-04-22T23:56:33.783053,29.64,70.50
2025-04-22T23:56:33.884738,29.17,94.80
2025-04-22T23:56:33.987945,30.19,87.70
2025-04-22T23:56:34.093058,31.58,0.10
2025-04-22T23:56:34.195136,31.58,0.00
2025-04-22T23:56:34.295473,31.58,58.60
2025-04-22T23:56:34.395854,31.05,99.10
2025-04-22T23:56:34.496301,31.70,88.30
2025-04-22T23:56:34.596771,31.14,93.90
2025-04-22T23:56:34.700920,31.02,95.10
2025-04-22T23:56:34.806027,31.81,97.90
2025-04-22T23:56:34.911141,32.73,99.70
2025-04-22T23:56:35.014754,33.58,99.40
2025-04-22T23:56:35.119923,33.58,65.80
2025-04-22T23:56:35.225073,33.58,0.00
2025-04-22T23:56:35.330062,33.58,0.00
2025-04-22T23:56:35.432812,33.48,86.80
2025-04-22T23:56:35.533166,33.48,99.80
2025-04-22T23:56:35.633559,33.64,99.40
2025-04-22T23:56:35.735595,33.64,99.60
2025-04-22T23:56:35.840682,33.64,99.70
2025-04-22T23:56:35.941113,33.64,99.10
2025-04-22T23:56:36.046220,33.64,2.40
2025-04-22T23:56:36.151312,33.64,0.00
2025-04-22T23:56:36.252356,33.64,21.70
2025-04-22T23:56:36.353027,33.66,53.80
2025-04-22T23:56:36.457268,32.64,99.50
2025-04-22T23:56:36.563824,32.66,85.50
2025-04-22T23:56:36.669186,31.91,79.10
2025-04-22T23:56:36.774460,31.47,86.60
2025-04-22T23:56:36.879595,31.17,5.60
2025-04-22T23:56:37.012806,31.19,36.50
2025-04-22T23:56:37.118428,31.25,52.10
2025-04-22T23:56:37.223057,31.12,71.70
2025-04-22T23:56:37.344250,30.95,72.80
2025-04-22T23:56:37.481581,29.25,75.30
2025-04-22T23:56:37.583625,29.09,51.20
2025-04-22T23:56:37.685884,27.89,48.50
2025-04-22T23:56:37.791118,28.91,0.00
2025-04-22T23:56:37.897325,25.86,2.10
2025-04-22T23:56:38.004586,26.44,14.90
2025-04-22T23:56:38.117170,26.70,78.00
2025-04-22T23:56:38.219223,26.94,99.40
2025-04-22T23:56:38.324344,28.05,99.20
2025-04-22T23:56:38.426718,28.56,99.20
2025-04-22T23:56:38.530317,29.89,99.60
2025-04-22T23:56:38.635410,31.48,99.70
2025-04-22T23:56:38.740505,31.88,74.60
2025-04-22T23:56:38.845613,31.67,0.00
2025-04-22T23:56:38.950712,31.67,0.10
2025-04-22T23:56:39.051339,31.67,63.50
2025-04-22T23:56:39.154764,31.64,96.70
2025-04-22T23:56:39.256786,31.73,94.80
2025-04-22T23:56:39.361894,31.61,94.80
2025-04-22T23:56:39.467065,31.69,97.20
2025-04-22T23:56:39.568030,33.33,99.50
2025-04-22T23:56:39.673179,33.58,99.80
2025-04-22T23:56:39.778286,33.64,60.90
2025-04-22T23:56:39.881790,33.64,0.00
2025-04-22T23:56:39.986874,33.64,0.10
2025-04-22T23:56:40.091958,33.64,95.10
2025-04-22T23:56:40.197062,33.67,99.70
2025-04-22T23:56:40.301291,33.73,97.50
2025-04-22T23:56:40.406396,33.77,97.80
2025-04-22T23:56:40.508105,33.77,99.80
2025-04-22T23:56:40.613197,33.77,99.60
2025-04-22T23:56:40.718079,33.77,22.10
2025-04-22T23:56:40.823181,33.77,0.00
2025-04-22T23:56:40.928259,33.77,8.80
2025-04-22T23:56:41.033423,33.73,91.30
2025-04-22T23:56:41.137186,33.78,97.30
2025-04-22T23:56:41.239055,33.80,99.20
2025-04-22T23:56:41.344150,33.80,99.60
2025-04-22T23:56:41.449238,33.80,98.90
2025-04-22T23:56:41.552155,33.80,99.70
2025-04-22T23:56:41.654278,33.80,11.10
2025-04-22T23:56:41.755038,33.80,0.00
2025-04-22T23:56:41.856358,33.80,35.90
2025-04-22T23:56:41.956826,33.80,99.80
2025-04-22T23:56:42.059333,33.80,89.40
2025-04-22T23:56:42.164440,33.81,99.30
2025-04-22T23:56:42.269544,33.81,99.70
2025-04-22T23:56:42.373942,33.81,99.60
2025-04-22T23:56:42.479042,33.81,56.10
2025-04-22T23:56:42.584289,33.80,0.10
2025-04-22T23:56:42.688064,33.72,1.00
2025-04-22T23:56:42.792044,33.72,83.40
2025-04-22T23:56:42.894209,48.11,99.40
2025-04-22T23:56:42.997187,48.06,100.10
2025-04-22T23:56:43.100896,48.09,99.60
2025-04-22T23:56:43.201242,48.09,99.70
2025-04-22T23:56:43.307209,48.09,99.70
2025-04-22T23:56:43.410051,48.09,27.20
2025-04-22T23:56:43.511185,48.09,0.40
2025-04-22T23:56:43.611522,48.09,19.10
2025-04-22T23:56:43.711915,48.09,99.70
2025-04-22T23:56:43.812268,49.12,99.70
2025-04-22T23:56:43.912628,48.27,99.60
2025-04-22T23:56:44.017739,48.27,99.90
2025-04-22T23:56:44.122831,48.27,99.00
2025-04-22T23:56:44.227928,48.27,74.00
2025-04-22T23:56:44.333033,48.16,0.00
2025-04-22T23:56:44.434803,48.16,0.00
2025-04-22T23:56:44.539998,48.16,77.70
2025-04-22T23:56:44.645079,48.22,99.50
2025-04-22T23:56:44.750181,48.31,99.70
2025-04-22T23:56:44.855279,48.31,99.40
2025-04-22T23:56:44.960370,48.31,50.90
2025-04-22T23:56:45.065580,48.30,79.20
2025-04-22T23:56:45.169762,48.05,95.70
2025-04-22T23:56:45.274882,48.05,0.00
2025-04-22T23:56:45.379957,48.05,0.00
2025-04-22T23:56:45.484917,48.05,61.00
2025-04-22T23:56:45.590006,48.05,99.60
2025-04-22T23:56:45.695092,48.11,99.80
2025-04-22T23:56:45.800186,48.11,99.80
2025-04-22T23:56:45.901976,48.11,98.60
2025-04-22T23:56:46.007085,48.11,99.80
2025-04-22T23:56:46.109785,48.11,25.60
2025-04-22T23:56:46.213609,48.11,0.00
2025-04-22T23:56:46.318694,48.11,30.40
2025-04-22T23:56:46.423782,48.11,99.70
2025-04-22T23:56:46.528876,48.11,99.50
2025-04-22T23:56:46.633966,48.11,97.20
2025-04-22T23:56:46.738329,46.45,97.90
2025-04-22T23:56:46.840714,46.45,99.70
2025-04-22T23:56:46.945818,46.42,64.10
2025-04-22T23:56:47.050913,46.42,0.10
2025-04-22T23:56:47.155981,46.42,0.00
2025-04-22T23:56:47.259950,46.39,91.70
2025-04-22T23:56:47.365041,46.39,99.70
2025-04-22T23:56:47.470123,46.41,99.30
2025-04-22T23:56:47.574191,46.41,99.70
2025-04-22T23:56:47.675846,46.41,97.70
2025-04-22T23:56:47.776213,46.41,99.60
2025-04-22T23:56:47.876602,46.41,4.90
2025-04-22T23:56:47.976854,46.41,0.10
2025-04-22T23:56:48.090358,46.39,53.90
2025-04-22T23:56:48.194401,46.39,96.10
2025-04-22T23:56:48.298927,46.41,89.00
2025-04-22T23:56:48.400953,46.42,96.70
2025-04-22T23:56:48.501412,46.41,98.20
2025-04-22T23:56:48.606511,46.41,98.80
2025-04-22T23:56:48.711624,46.41,84.50
2025-04-22T23:56:48.812549,46.41,0.00
2025-04-22T23:56:48.917627,46.41,0.00
2025-04-22T23:56:49.022714,46.41,73.60
2025-04-22T23:56:49.127810,46.41,99.80
2025-04-22T23:56:49.231309,46.48,99.70
2025-04-22T23:56:49.336414,46.48,98.80
2025-04-22T23:56:49.441509,46.48,99.80
2025-04-22T23:56:49.546605,46.48,98.20
2025-04-22T23:56:49.648285,48.12,20.70
2025-04-22T23:56:49.753388,48.12,0.00
2025-04-22T23:56:49.858482,48.12,36.50
2025-04-22T23:56:49.963620,48.14,99.50
2025-04-22T23:56:50.066157,48.19,98.90
2025-04-22T23:56:50.166886,48.19,99.30
2025-04-22T23:56:50.271996,48.20,97.40
2025-04-22T23:56:50.377092,48.20,93.50
2025-04-22T23:56:50.482192,48.20,70.40
2025-04-22T23:56:50.586019,48.20,0.10
2025-04-22T23:56:50.686370,48.20,0.00
2025-04-22T23:56:50.791469,48.20,81.20
2025-04-22T23:56:50.896564,48.22,99.70
2025-04-22T23:56:51.001660,48.22,98.90
2025-04-22T23:56:51.104597,48.22,98.10
2025-04-22T23:56:51.204913,48.22,99.70
2025-04-22T23:56:51.305250,48.22,99.20
2025-04-22T23:56:51.410349,48.22,13.10
2025-04-22T23:56:51.515439,48.22,0.10
2025-04-22T23:56:51.620540,48.22,42.70
2025-04-22T23:56:51.723382,48.22,98.60
2025-04-22T23:56:51.828478,48.22,99.60
2025-04-22T23:56:51.933571,48.22,99.70
2025-04-22T23:56:52.038674,48.22,99.60
2025-04-22T23:56:52.143761,48.22,88.10
2025-04-22T23:56:52.248862,39.91,49.20
2025-04-22T23:56:52.353961,39.91,0.00
2025-04-22T23:56:52.458380,39.91,1.90
2025-04-22T23:56:52.563428,33.12,54.30
2025-04-22T23:56:52.668086,33.14,98.20
2025-04-22T23:56:52.773189,33.14,99.30
2025-04-22T23:56:52.877461,33.14,99.60
2025-04-22T23:56:52.982551,33.14,99.70
2025-04-22T23:56:53.087632,33.14,100.00
2025-04-22T23:56:53.192721,33.47,35.40
2025-04-22T23:56:53.294754,33.47,0.00
2025-04-22T23:56:53.399839,33.47,19.80
2025-04-22T23:56:53.504925,33.48,98.50
2025-04-22T23:56:53.610024,34.48,99.90
2025-04-22T23:56:53.715122,33.59,99.20
2025-04-22T23:56:53.820221,33.59,99.40
2025-04-22T23:56:53.925315,33.59,98.70
2025-04-22T23:56:54.030008,33.59,64.80
2025-04-22T23:56:54.135106,33.59,0.10
2025-04-22T23:56:54.240191,33.59,0.00
2025-04-22T23:56:54.345269,33.59,96.00
2025-04-22T23:56:54.450376,47.98,99.70
2025-04-22T23:56:54.555499,48.06,99.90
2025-04-22T23:56:54.660593,48.06,98.90
2025-04-22T23:56:54.765683,48.06,99.70
2025-04-22T23:56:54.867793,48.06,98.50
2025-04-22T23:56:54.972889,48.06,0.00
2025-04-22T23:56:55.076786,48.06,0.30
2025-04-22T23:56:55.177089,47.97,52.40
2025-04-22T23:56:55.282198,47.83,98.40
2025-04-22T23:56:55.386270,47.06,99.60
2025-04-22T23:56:55.491375,47.08,97.60
2025-04-22T23:56:55.596475,46.83,99.40
2025-04-22T23:56:55.701575,47.00,99.60
2025-04-22T23:56:55.802910,48.11,44.50
2025-04-22T23:56:55.904759,48.12,0.00
2025-04-22T23:56:56.010026,48.12,11.10
2025-04-22T23:56:56.115122,48.12,99.80
2025-04-22T23:56:56.220212,48.59,99.80
2025-04-22T23:56:56.322856,48.20,99.40
2025-04-22T23:56:56.423265,48.20,98.80
2025-04-22T23:56:56.528393,48.22,99.70
2025-04-22T23:56:56.633481,48.22,73.70
2025-04-22T23:56:56.738570,48.22,0.00
2025-04-22T23:56:56.843656,48.22,0.00
2025-04-22T23:56:56.948737,48.22,83.20
2025-04-22T23:56:57.053818,48.22,99.70
2025-04-22T23:56:57.158913,48.22,99.80
2025-04-22T23:56:57.264003,48.22,99.70
2025-04-22T23:56:57.369091,48.22,99.70
2025-04-22T23:56:57.474195,48.22,95.10
2025-04-22T23:56:57.577273,48.22,0.10
2025-04-22T23:56:57.677620,48.22,0.00
2025-04-22T23:56:57.777967,48.22,52.10
2025-04-22T23:56:57.883063,48.25,92.60
2025-04-22T23:56:57.987837,48.22,97.80
2025-04-22T23:56:58.092946,48.28,99.50
2025-04-22T23:56:58.195564,48.28,99.80
2025-04-22T23:56:58.296470,48.28,99.40
2025-04-22T23:56:58.401595,48.28,51.10
2025-04-22T23:56:58.501933,48.28,0.00
2025-04-22T23:56:58.605356,48.28,0.10
2025-04-22T23:56:58.709664,46.64,94.00
2025-04-22T23:56:58.813803,46.64,98.40
2025-04-22T23:56:58.914361,46.64,99.50
2025-04-22T23:56:59.019453,46.64,99.70
2025-04-22T23:56:59.120177,46.64,99.10
2025-04-22T23:56:59.225268,46.61,99.50
2025-04-22T23:56:59.330360,46.61,1.00
2025-04-22T23:56:59.433742,46.61,0.00
2025-04-22T23:56:59.534108,46.61,53.10
2025-04-22T23:56:59.639201,48.27,99.70
2025-04-22T23:56:59.741978,48.28,99.80
2025-04-22T23:56:59.847082,48.30,99.50
2025-04-22T23:56:59.951196,48.30,95.10
2025-04-22T23:57:00.054638,48.30,99.60
2025-04-22T23:57:00.159730,48.30,35.80
2025-04-22T23:57:00.263321,48.30,0.00
2025-04-22T23:57:00.368413,48.30,18.40
2025-04-22T23:57:00.470898,48.30,99.50
2025-04-22T23:57:00.571451,49.33,99.30
2025-04-22T23:57:00.676561,48.30,99.50
2025-04-22T23:57:00.781649,48.30,98.90
2025-04-22T23:57:00.886745,48.30,99.70
2025-04-22T23:57:00.988657,48.30,68.30
2025-04-22T23:57:01.089573,48.30,0.00
2025-04-22T23:57:01.189927,48.30,0.10
2025-04-22T23:57:01.290308,48.30,80.40
2025-04-22T23:57:01.395405,48.30,89.90
2025-04-22T23:57:01.496131,48.28,95.30
2025-04-22T23:57:01.601328,48.28,91.90
2025-04-22T23:57:01.706530,48.28,95.70
2025-04-22T23:57:01.807828,48.28,93.90
2025-04-22T23:57:01.909660,48.28,86.30
2025-04-22T23:57:02.013080,47.83,0.10
2025-04-22T23:57:02.118214,47.83,0.10
2025-04-22T23:57:02.223324,47.83,68.20
2025-04-22T23:57:02.327283,47.84,73.00
2025-04-22T23:57:02.431862,33.42,16.30
2025-04-22T23:57:02.586762,28.94,65.20
2025-04-22T23:57:02.692009,28.05,96.30
2025-04-22T23:57:02.797756,28.75,91.10
2025-04-22T23:57:02.901666,27.52,93.00
2025-04-22T23:57:03.001804,28.52,96.10
2025-04-22T23:57:03.107090,30.30,36.10
2025-04-22T23:57:03.212188,30.88,1.50
2025-04-22T23:57:03.313576,32.59,16.00
2025-04-22T23:57:03.418139,32.81,95.10
2025-04-22T23:57:03.523713,32.86,95.70
2025-04-22T23:57:03.627656,33.02,98.50
2025-04-22T23:57:03.732266,33.02,97.10
2025-04-22T23:57:03.834909,32.94,99.00
2025-04-22T23:57:03.940032,32.94,94.60
2025-04-22T23:57:04.045124,32.94,0.10
2025-04-22T23:57:04.150212,32.94,0.00
2025-04-22T23:57:04.252422,32.94,58.70
2025-04-22T23:57:04.356509,32.98,99.70
2025-04-22T23:57:04.461597,33.09,97.70
2025-04-22T23:57:04.566700,33.09,99.00
2025-04-22T23:57:04.668889,33.09,99.50
2025-04-22T23:57:04.774004,33.09,99.80
2025-04-22T23:57:04.879099,33.09,23.20
2025-04-22T23:57:04.984188,33.09,0.00
2025-04-22T23:57:05.086432,33.09,28.40
2025-04-22T23:57:05.187353,33.11,99.20
2025-04-22T23:57:05.292446,33.25,99.20
2025-04-22T23:57:05.397545,33.25,99.60
2025-04-22T23:57:05.500122,33.23,99.70
2025-04-22T23:57:05.604776,33.23,99.30
2025-04-22T23:57:05.705857,33.23,58.00
2025-04-22T23:57:05.806149,33.23,0.00
2025-04-22T23:57:05.911257,33.23,0.00
2025-04-22T23:57:06.016344,33.23,92.40
2025-04-22T23:57:06.121436,33.23,99.30
2025-04-22T23:57:06.226553,48.06,99.80
2025-04-22T23:57:06.331655,48.08,99.60
2025-04-22T23:57:06.436748,48.08,99.80
2025-04-22T23:57:06.541503,48.08,98.30
2025-04-22T23:57:06.646597,48.08,33.20
2025-04-22T23:57:06.751688,48.08,0.00
2025-04-22T23:57:06.855172,48.08,14.00
2025-04-22T23:57:06.960319,48.11,98.40
2025-04-22T23:57:07.060613,48.11,99.70
2025-04-22T23:57:07.165717,48.20,99.80
2025-04-22T23:57:07.266198,48.20,99.60
2025-04-22T23:57:07.371285,48.20,99.70
2025-04-22T23:57:07.476387,48.20,76.30
2025-04-22T23:57:07.579068,48.20,0.10
2025-04-22T23:57:07.679375,48.20,0.00
2025-04-22T23:57:07.784643,48.20,65.20
2025-04-22T23:57:07.889745,48.20,99.00
2025-04-22T23:57:07.994853,48.31,98.70
2025-04-22T23:57:08.098849,48.31,99.80
2025-04-22T23:57:08.203946,48.31,99.80
2025-04-22T23:57:08.309026,48.31,95.40
2025-04-22T23:57:08.414129,48.31,27.50
2025-04-22T23:57:08.519237,48.31,0.00
2025-04-22T23:57:08.624329,48.31,29.80
2025-04-22T23:57:08.729426,48.31,99.30
2025-04-22T23:57:08.834648,48.34,99.50
2025-04-22T23:57:08.939836,48.34,99.70
2025-04-22T23:57:09.044922,48.34,97.10
2025-04-22T23:57:09.150027,48.34,99.70
2025-04-22T23:57:09.250208,48.34,55.80
2025-04-22T23:57:09.351951,48.34,0.00
2025-04-22T23:57:09.452632,48.34,0.00
2025-04-22T23:57:09.557821,48.33,98.00
2025-04-22T23:57:09.662940,48.36,98.60
2025-04-22T23:57:09.768035,49.28,99.70
2025-04-22T23:57:09.871990,49.28,99.60
2025-04-22T23:57:09.977075,49.28,95.10
2025-04-22T23:57:10.082174,49.27,96.50
2025-04-22T23:57:10.187348,49.27,9.80
2025-04-22T23:57:10.287915,49.27,0.10
2025-04-22T23:57:10.388898,48.92,36.70
2025-04-22T23:57:10.489368,48.92,99.70
2025-04-22T23:57:10.591411,48.92,99.70
2025-04-22T23:57:10.691965,48.92,99.40
2025-04-22T23:57:10.797051,48.92,99.60
2025-04-22T23:57:10.902134,48.92,99.60
2025-04-22T23:57:11.007280,48.92,48.80
2025-04-22T23:57:11.112381,48.92,0.00
2025-04-22T23:57:11.217475,48.92,8.40
2025-04-22T23:57:11.322599,48.92,99.80
2025-04-22T23:57:11.425165,48.92,97.80
2025-04-22T23:57:11.527595,48.94,99.70
2025-04-22T23:57:11.632692,48.94,99.70
2025-04-22T23:57:11.737787,48.94,99.70
2025-04-22T23:57:11.842878,48.94,81.90
2025-04-22T23:57:11.944782,48.94,0.00
2025-04-22T23:57:12.049866,48.94,0.10
2025-04-22T23:57:12.154945,48.94,77.90
2025-04-22T23:57:12.260027,48.94,96.70
2025-04-22T23:57:12.362598,48.94,67.70
2025-04-22T23:57:12.468682,48.94,93.20
2025-04-22T23:57:12.573784,48.94,98.50
2025-04-22T23:57:12.678882,48.94,98.60
2025-04-22T23:57:12.783418,48.94,68.50
2025-04-22T23:57:12.888527,48.94,0.00
2025-04-22T23:57:12.993611,48.94,0.00
2025-04-22T23:57:13.098711,48.94,88.80
2025-04-22T23:57:13.203816,48.94,99.80
2025-04-22T23:57:13.308917,48.94,90.30
2025-04-22T23:57:13.414027,49.17,98.50
2025-04-22T23:57:13.516600,49.17,93.10
2025-04-22T23:57:13.618149,49.14,99.40
2025-04-22T23:57:13.723295,49.14,27.80
2025-04-22T23:57:13.828399,49.09,0.20
2025-04-22T23:57:13.930245,49.16,25.90
2025-04-22T23:57:14.034396,49.17,99.70
2025-04-22T23:57:14.139502,48.27,99.50
2025-04-22T23:57:14.244598,48.27,99.70
2025-04-22T23:57:14.349694,48.27,99.80
2025-04-22T23:57:14.454779,48.27,99.60
2025-04-22T23:57:14.559861,48.27,48.40
2025-04-22T23:57:14.664954,48.27,0.00
2025-04-22T23:57:14.770035,48.27,5.40
2025-04-22T23:57:14.871376,48.27,99.80
2025-04-22T23:57:14.971691,48.27,99.60
2025-04-22T23:57:15.076786,48.27,98.50
2025-04-22T23:57:15.181872,48.27,99.70
2025-04-22T23:57:15.286967,48.27,99.50
2025-04-22T23:57:15.387995,48.27,85.10
2025-04-22T23:57:15.489279,48.27,0.00
2025-04-22T23:57:15.590530,48.27,0.10
2025-04-22T23:57:15.695626,48.27,64.80
2025-04-22T23:57:15.800721,48.23,99.40
2025-04-22T23:57:15.901461,48.23,99.80
2025-04-22T23:57:16.006565,48.23,99.70
2025-04-22T23:57:16.109057,48.23,99.60
2025-04-22T23:57:16.209381,48.23,99.70
2025-04-22T23:57:16.309735,48.23,35.20
2025-04-22T23:57:16.410065,48.23,0.00
2025-04-22T23:57:16.510425,48.23,10.50
2025-04-22T23:57:16.610802,48.23,99.40
2025-04-22T23:57:16.715916,48.23,99.40
2025-04-22T23:57:16.821012,48.30,99.50
2025-04-22T23:57:16.923550,48.30,99.70
2025-04-22T23:57:17.024666,48.30,99.70
2025-04-22T23:57:17.129281,48.30,82.20
2025-04-22T23:57:17.229715,48.30,0.10
2025-04-22T23:57:17.330923,48.30,0.00
2025-04-22T23:57:17.434793,48.30,68.70
2025-04-22T23:57:17.539885,48.33,99.70
2025-04-22T23:57:17.644971,48.33,99.80
2025-04-22T23:57:17.747474,48.36,99.60
2025-04-22T23:57:17.848439,48.36,98.70
2025-04-22T23:57:17.951511,33.69,92.60
2025-04-22T23:57:18.056693,33.69,32.80
2025-04-22T23:57:18.161796,33.69,0.00
2025-04-22T23:57:18.266588,33.69,20.40
2025-04-22T23:57:18.366952,35.22,96.90
2025-04-22T23:57:18.472054,48.36,99.70
2025-04-22T23:57:18.577149,48.38,94.80
2025-04-22T23:57:18.683128,48.38,21.20
2025-04-22T23:57:18.784893,48.34,83.80
2025-04-22T23:57:18.890129,48.34,98.80
2025-04-22T23:57:18.995224,48.34,94.50
2025-04-22T23:57:19.100312,48.34,0.10
2025-04-22T23:57:19.203185,48.34,0.00
2025-04-22T23:57:19.305495,48.34,57.70
2025-04-22T23:57:19.409311,48.36,99.60
2025-04-22T23:57:19.514405,48.38,99.80
2025-04-22T23:57:19.619528,48.36,99.60
2025-04-22T23:57:19.721155,48.36,98.80
2025-04-22T23:57:19.822050,48.36,99.60
2025-04-22T23:57:19.927151,48.36,32.30
2025-04-22T23:57:20.032231,48.36,0.00
2025-04-22T23:57:20.137319,48.36,22.80
2025-04-22T23:57:20.240285,48.36,96.00
2025-04-22T23:57:20.341168,48.36,91.70
2025-04-22T23:57:20.446499,48.39,98.00
2025-04-22T23:57:20.551797,48.39,99.00
2025-04-22T23:57:20.652958,48.39,99.40
2025-04-22T23:57:20.757193,48.39,92.00
2025-04-22T23:57:20.862282,48.39,0.00
2025-04-22T23:57:20.967365,48.39,0.00
2025-04-22T23:57:21.072451,48.39,65.90
2025-04-22T23:57:21.176843,48.39,99.70
2025-04-22T23:57:21.277212,48.39,99.70
2025-04-22T23:57:21.377536,48.39,99.70
2025-04-22T23:57:21.482632,48.39,98.80
2025-04-22T23:57:21.587730,48.39,99.80
2025-04-22T23:57:21.692825,48.39,20.60
2025-04-22T23:57:21.795644,48.39,0.00
2025-04-22T23:57:21.900726,48.39,34.80
2025-04-22T23:57:22.005812,48.39,99.70
2025-04-22T23:57:22.110898,48.45,99.70
2025-04-22T23:57:22.212095,48.45,99.80
2025-04-22T23:57:22.314162,48.45,99.70
2025-04-22T23:57:22.419262,48.45,99.70
2025-04-22T23:57:22.524344,48.45,48.80
2025-04-22T23:57:22.629427,48.45,0.00
2025-04-22T23:57:22.731541,48.45,5.60
2025-04-22T23:57:22.836628,48.45,99.50
2025-04-22T23:57:22.941716,48.45,99.70
2025-04-22T23:57:23.046800,48.48,99.10
2025-04-22T23:57:23.148234,48.48,98.70
2025-04-22T23:57:23.250855,48.48,97.70
2025-04-22T23:57:23.352300,48.44,84.10
2025-04-22T23:57:23.457466,48.44,16.20
2025-04-22T23:57:23.558681,48.44,0.10
2025-04-22T23:57:23.663781,48.44,21.80
2025-04-22T23:57:23.773790,48.47,78.10
2025-04-22T23:57:23.877497,48.47,99.40
2025-04-22T23:57:23.982605,48.47,99.70
2025-04-22T23:57:24.087080,48.47,99.60
2025-04-22T23:57:24.192180,48.47,99.60
2025-04-22T23:57:24.297268,48.44,83.30
2025-04-22T23:57:24.402355,48.44,0.00
2025-04-22T23:57:24.505131,48.44,0.00
2025-04-22T23:57:24.605481,48.44,68.10
2025-04-22T23:57:24.710584,48.44,99.60
2025-04-22T23:57:24.815675,48.44,99.60
2025-04-22T23:57:24.920763,48.44,98.90
2025-04-22T23:57:25.022765,48.44,99.80
2025-04-22T23:57:25.124011,48.44,99.50
2025-04-22T23:57:25.224387,48.44,19.90
2025-04-22T23:57:25.327765,48.44,0.00
2025-04-22T23:57:25.429692,48.44,32.90
2025-04-22T23:57:25.534788,48.44,99.90
2025-04-22T23:57:25.639879,48.44,99.70
2025-04-22T23:57:25.742872,48.44,99.60
2025-04-22T23:57:25.843206,48.44,99.70
2025-04-22T23:57:25.943596,48.44,99.50
2025-04-22T23:57:26.043887,48.44,57.80
2025-04-22T23:57:26.146938,48.44,0.00
2025-04-22T23:57:26.252032,48.44,0.00
2025-04-22T23:57:26.357133,48.44,98.90
2025-04-22T23:57:26.461119,48.44,99.70
2025-04-22T23:57:26.561711,48.45,99.50
2025-04-22T23:57:26.666806,48.45,99.70
2025-04-22T23:57:26.771890,48.45,99.80
2025-04-22T23:57:26.876966,48.45,82.40
2025-04-22T23:57:26.981702,48.45,0.00
2025-04-22T23:57:27.086837,48.45,0.10
2025-04-22T23:57:27.191917,48.45,74.10
2025-04-22T23:57:27.297009,48.45,99.20
2025-04-22T23:57:27.401595,48.45,99.10
2025-04-22T23:57:27.506713,48.45,99.70
2025-04-22T23:57:27.611815,48.45,99.80
2025-04-22T23:57:27.716914,48.45,99.60
2025-04-22T23:57:27.822014,48.45,6.20
2025-04-22T23:57:27.927084,48.45,0.00
2025-04-22T23:57:28.032156,48.45,51.00
2025-04-22T23:57:28.137229,48.45,99.70
2025-04-22T23:57:28.242321,48.45,99.70
2025-04-22T23:57:28.346497,48.45,99.70
2025-04-22T23:57:28.451596,48.45,52.40
2025-04-22T23:57:28.562872,48.44,99.00
2025-04-22T23:57:28.667977,48.44,82.60
2025-04-22T23:57:28.769590,48.44,0.00
2025-04-22T23:57:28.873984,48.44,0.00
2025-04-22T23:57:28.979162,48.44,70.60
2025-04-22T23:57:29.082367,48.44,98.60
2025-04-22T23:57:29.187465,48.45,96.80
2025-04-22T23:57:29.288702,48.45,93.00
2025-04-22T23:57:29.393351,48.45,96.90
2025-04-22T23:57:29.498459,48.45,94.50
2025-04-22T23:57:29.603560,48.45,55.90
2025-04-22T23:57:29.707650,48.50,0.00
2025-04-22T23:57:29.812786,48.50,1.00
2025-04-22T23:57:29.917866,48.50,99.80
2025-04-22T23:57:30.022960,48.50,97.40
2025-04-22T23:57:30.125003,48.50,97.00
2025-04-22T23:57:30.230125,48.48,99.30
2025-04-22T23:57:30.333446,48.48,83.00
2025-04-22T23:57:30.435147,48.39,78.90
2025-04-22T23:57:30.541051,33.42,90.70
2025-04-22T23:57:30.643464,33.41,4.30
2025-04-22T23:57:30.743808,33.39,0.00
2025-04-22T23:57:30.844414,33.38,44.70
2025-04-22T23:57:30.949580,33.14,97.60
2025-04-22T23:57:31.052863,33.25,92.70
2025-04-22T23:57:31.158000,33.28,98.00
2025-04-22T23:57:31.263137,33.28,98.90
2025-04-22T23:57:31.368170,33.30,94.20
2025-04-22T23:57:31.473268,33.25,80.00
2025-04-22T23:57:31.578364,33.22,0.10
2025-04-22T23:57:31.683457,33.22,0.00
2025-04-22T23:57:31.788541,33.22,75.90
2025-04-22T23:57:31.893637,33.27,99.80
2025-04-22T23:57:31.997252,33.39,99.70
2025-04-22T23:57:32.097760,33.39,99.70
2025-04-22T23:57:32.199914,33.39,99.60
2025-04-22T23:57:32.305000,33.39,99.70
2025-04-22T23:57:32.410085,33.31,7.70
2025-04-22T23:57:32.515170,33.31,0.00
2025-04-22T23:57:32.617149,33.30,42.60
2025-04-22T23:57:32.719284,33.30,98.70
2025-04-22T23:57:32.824568,33.44,95.60
2025-04-22T23:57:32.927478,33.45,98.40
2025-04-22T23:57:33.032582,33.45,99.60
2025-04-22T23:57:33.137683,33.45,99.80
2025-04-22T23:57:33.242786,33.45,58.60
2025-04-22T23:57:33.347879,33.45,0.10
2025-04-22T23:57:33.451852,33.42,0.00
2025-04-22T23:57:33.552615,33.42,93.30
2025-04-22T23:57:33.656482,33.47,99.70
2025-04-22T23:57:33.761582,33.48,99.70
2025-04-22T23:57:33.866686,33.48,98.80
2025-04-22T23:57:33.971000,33.47,99.50
2025-04-22T23:57:34.076114,33.47,91.60
2025-04-22T23:57:34.181205,33.47,0.10
2025-04-22T23:57:34.286287,33.47,0.00
2025-04-22T23:57:34.391380,33.47,65.50
2025-04-22T23:57:34.496470,33.47,99.60
2025-04-22T23:57:34.601560,33.55,99.80
2025-04-22T23:57:34.706660,33.55,99.60
2025-04-22T23:57:34.807477,33.55,99.80
2025-04-22T23:57:34.908411,33.55,99.70
2025-04-22T23:57:35.008750,33.55,22.90
2025-04-22T23:57:35.109049,33.50,0.10
2025-04-22T23:57:35.209403,33.50,22.90
2025-04-22T23:57:35.309808,33.50,93.10
2025-04-22T23:57:35.410269,33.58,97.20
2025-04-22T23:57:35.511780,33.69,98.90
2025-04-22T23:57:35.616925,33.69,99.20
2025-04-22T23:57:35.722023,33.69,99.70
2025-04-22T23:57:35.823740,33.69,85.10
2025-04-22T23:57:35.928660,33.69,0.00
2025-04-22T23:57:36.028957,33.67,0.10
2025-04-22T23:57:36.133644,33.67,65.00
2025-04-22T23:57:36.238741,33.67,97.70
2025-04-22T23:57:36.342398,33.67,90.20
2025-04-22T23:57:36.447159,33.67,99.30
2025-04-22T23:57:36.551529,33.67,99.70
2025-04-22T23:57:36.656615,33.67,99.60
2025-04-22T23:57:36.761699,33.67,34.80
2025-04-22T23:57:36.864550,33.67,0.00
2025-04-22T23:57:36.964671,33.56,16.20
2025-04-22T23:57:37.069767,33.48,99.50
2025-04-22T23:57:37.174927,34.34,99.70
2025-04-22T23:57:37.280018,33.45,98.90
2025-04-22T23:57:37.382468,33.45,82.50
2025-04-22T23:57:37.484260,33.33,97.00
2025-04-22T23:57:37.587121,33.44,99.20
2025-04-22T23:57:37.692221,33.44,2.10
2025-04-22T23:57:37.797330,33.44,0.00
2025-04-22T23:57:37.900950,33.34,28.40
2025-04-22T23:57:38.001921,31.45,76.30
2025-04-22T23:57:38.102992,28.95,93.90
2025-04-22T23:57:38.203324,30.08,38.00
2025-04-22T23:57:38.303747,29.33,66.40
2025-04-22T23:57:38.405857,27.83,38.60
2025-04-22T23:57:38.518172,25.36,86.20
2025-04-22T23:57:38.621579,24.55,98.30
2025-04-22T23:57:38.722865,26.59,97.70
2025-04-22T23:57:38.823538,28.77,61.30
2025-04-22T23:57:38.926057,30.34,0.00
2025-04-22T23:57:39.029688,30.22,0.00
2025-04-22T23:57:39.133182,30.22,90.20
2025-04-22T23:57:39.236468,30.69,99.20
2025-04-22T23:57:39.337995,30.94,95.10
2025-04-22T23:57:39.441040,31.47,98.30
2025-04-22T23:57:39.541432,31.47,98.40
2025-04-22T23:57:39.646572,33.12,98.00
2025-04-22T23:57:39.751678,33.12,24.60
2025-04-22T23:57:39.852763,33.12,0.00
2025-04-22T23:57:39.952950,33.12,22.20
2025-04-22T23:57:40.054980,33.14,99.00
2025-04-22T23:57:40.160187,34.16,98.90
2025-04-22T23:57:40.260508,33.36,98.90
2025-04-22T23:57:40.365619,33.36,96.50
2025-04-22T23:57:40.470916,33.36,97.50
2025-04-22T23:57:40.572086,33.36,87.40
2025-04-22T23:57:40.677201,33.36,0.00
2025-04-22T23:57:40.778036,33.36,0.00
2025-04-22T23:57:40.879672,33.36,59.40
2025-04-22T23:57:40.984786,33.42,97.70
2025-04-22T23:57:41.089829,33.44,98.60
2025-04-22T23:57:41.193279,33.45,98.80
2025-04-22T23:57:41.295610,33.45,98.90
2025-04-22T23:57:41.397844,33.45,98.70
2025-04-22T23:57:41.498181,33.45,51.70
2025-04-22T23:57:41.602680,33.45,0.10
2025-04-22T23:57:41.703212,33.45,0.00
2025-04-22T23:57:41.806002,33.45,98.40
2025-04-22T23:57:41.911107,33.45,98.60
2025-04-22T23:57:42.016209,48.28,99.60
2025-04-22T23:57:42.121304,48.28,99.30
2025-04-22T23:57:42.226400,48.28,99.50
2025-04-22T23:57:42.328165,48.28,99.20
2025-04-22T23:57:42.433257,48.28,5.60
2025-04-22T23:57:42.535138,48.28,0.10
2025-04-22T23:57:42.635610,48.28,44.00
2025-04-22T23:57:42.740707,48.28,99.00
2025-04-22T23:57:42.845799,48.27,99.20
2025-04-22T23:57:42.950891,48.27,99.60
2025-04-22T23:57:43.052982,48.27,99.80
2025-04-22T23:57:43.153863,48.27,97.30
2025-04-22T23:57:43.254392,48.27,53.50
2025-04-22T23:57:43.359499,48.27,0.00
2025-04-22T23:57:43.464594,48.27,3.60
2025-04-22T23:57:43.569685,48.27,99.80
2025-04-22T23:57:43.674774,48.28,94.80
2025-04-22T23:57:43.779881,49.22,92.60
2025-04-22T23:57:43.885099,49.22,95.20
2025-04-22T23:57:43.990611,49.22,15.30
2025-04-22T23:57:44.091219,49.22,79.50
2025-04-22T23:57:44.196353,49.22,98.80
2025-04-22T23:57:44.301465,49.22,72.60
2025-04-22T23:57:44.406683,49.19,0.00
2025-04-22T23:57:44.507314,48.30,0.10
2025-04-22T23:57:44.609083,48.44,75.50
2025-04-22T23:57:44.709502,48.50,99.60
2025-04-22T23:57:44.814605,49.14,99.70
2025-04-22T23:57:44.919694,49.14,99.60
2025-04-22T23:57:45.024817,49.19,98.90
2025-04-22T23:57:45.129943,49.19,99.80
2025-04-22T23:57:45.232438,49.19,8.20
2025-04-22T23:57:45.337518,49.19,0.00
2025-04-22T23:57:45.442593,49.19,47.70
2025-04-22T23:57:45.546281,48.94,99.40
2025-04-22T23:57:45.650527,49.09,99.80
2025-04-22T23:57:45.755629,49.09,99.70
2025-04-22T23:57:45.860766,49.09,99.60
2025-04-22T23:57:45.965883,49.09,99.70
2025-04-22T23:57:46.070970,49.09,29.80
2025-04-22T23:57:46.176062,49.09,0.00
2025-04-22T23:57:46.281158,49.09,24.30
2025-04-22T23:57:46.381999,49.09,99.60
2025-04-22T23:57:46.485290,49.11,99.80
2025-04-22T23:57:46.590384,49.11,99.70
2025-04-22T23:57:46.695482,49.11,99.60
2025-04-22T23:57:46.799732,49.09,99.70
2025-04-22T23:57:46.900499,49.09,53.10
2025-04-22T23:57:47.004512,47.50,0.00
2025-04-22T23:57:47.109603,47.50,0.10
2025-04-22T23:57:47.211261,47.50,99.70
2025-04-22T23:57:47.316352,47.52,99.70
2025-04-22T23:57:47.418958,47.38,99.70
2025-04-22T23:57:47.519376,47.38,99.60
2025-04-22T23:57:47.624469,47.38,99.60
2025-04-22T23:57:47.729557,47.38,79.00
2025-04-22T23:57:47.834644,47.38,0.00
2025-04-22T23:57:47.937451,47.38,0.00
2025-04-22T23:57:48.042377,47.38,75.70
2025-04-22T23:57:48.147476,47.38,99.70
2025-04-22T23:57:48.248049,47.39,99.80
2025-04-22T23:57:48.353135,47.39,99.70
2025-04-22T23:57:48.455956,47.41,99.60
2025-04-22T23:57:48.557306,47.41,99.70
2025-04-22T23:57:48.657593,47.42,10.90
2025-04-22T23:57:48.762740,47.42,0.00
2025-04-22T23:57:48.867817,47.42,43.50
2025-04-22T23:57:48.968270,47.41,99.80
2025-04-22T23:57:49.073370,47.41,99.50
2025-04-22T23:57:49.178475,47.41,99.60
2025-04-22T23:57:49.283570,47.41,99.80
2025-04-22T23:57:49.388673,47.41,99.00
2025-04-22T23:57:49.492235,32.66,41.50
2025-04-22T23:57:49.593282,32.66,1.00
2025-04-22T23:57:49.698380,34.30,6.90
2025-04-22T23:57:49.807461,34.30,96.10
2025-04-22T23:57:49.908943,34.31,99.50
2025-04-22T23:57:50.010086,34.41,99.70
2025-04-22T23:57:50.111782,34.41,99.70
2025-04-22T23:57:50.212156,34.41,99.80
2025-04-22T23:57:50.317258,34.41,87.10
2025-04-22T23:57:50.422349,34.41,0.00
2025-04-22T23:57:50.526910,34.41,0.00
2025-04-22T23:57:50.630235,34.41,66.20
2025-04-22T23:57:50.730654,34.45,99.80
2025-04-22T23:57:50.833952,34.48,99.60
2025-04-22T23:57:50.939046,34.48,99.50
2025-04-22T23:57:51.044134,34.48,99.70
2025-04-22T23:57:51.148766,34.48,99.70
2025-04-22T23:57:51.253881,34.48,8.60
2025-04-22T23:57:51.358963,34.48,0.00
2025-04-22T23:57:51.464071,34.47,42.30
2025-04-22T23:57:51.568452,34.47,95.00
2025-04-22T23:57:51.669268,34.47,99.00
2025-04-22T23:57:51.773883,34.47,99.70
2025-04-22T23:57:51.878982,34.47,99.70
2025-04-22T23:57:51.984078,34.47,99.70
2025-04-22T23:57:52.084513,34.47,49.70
2025-04-22T23:57:52.185692,34.47,0.00
2025-04-22T23:57:52.286037,34.47,0.00
2025-04-22T23:57:52.388204,34.47,98.10
2025-04-22T23:57:52.493296,34.47,99.70
2025-04-22T23:57:52.598391,34.50,99.20
2025-04-22T23:57:52.703485,34.47,99.70
2025-04-22T23:57:52.804606,34.47,99.80
2025-04-22T23:57:52.904949,34.47,80.90
2025-04-22T23:57:53.010055,34.47,0.00
2025-04-22T23:57:53.115141,34.47,0.10
2025-04-22T23:57:53.220231,34.47,75.50
2025-04-22T23:57:53.323112,34.47,98.90
2025-04-22T23:57:53.427605,34.47,97.80
2025-04-22T23:57:53.532703,49.14,99.80
2025-04-22T23:57:53.637796,49.14,99.80
2025-04-22T23:57:53.739451,49.14,99.80
2025-04-22T23:57:53.841632,49.16,26.90
2025-04-22T23:57:53.946724,48.16,0.00
2025-04-22T23:57:54.051788,48.16,30.70
2025-04-22T23:57:54.156875,48.16,99.70
2025-04-22T23:57:54.259665,48.17,98.90
2025-04-22T23:57:54.364764,48.17,99.80
2025-04-22T23:57:54.469853,48.19,99.70
2025-04-22T23:57:54.574950,48.19,99.70
2025-04-22T23:57:54.679799,48.19,43.20
2025-04-22T23:57:54.784891,48.19,0.00
2025-04-22T23:57:54.889973,48.19,14.00
2025-04-22T23:57:54.995075,48.19,99.40
2025-04-22T23:57:55.100173,48.83,99.70
2025-04-22T23:57:55.205268,48.20,99.40
2025-04-22T23:57:55.310365,48.20,99.50
2025-04-22T23:57:55.412589,48.20,99.60
2025-04-22T23:57:55.517683,48.20,64.20
2025-04-22T23:57:55.622769,48.20,0.10
2025-04-22T23:57:55.727849,48.20,0.00
2025-04-22T23:57:55.831851,48.20,78.60
2025-04-22T23:57:55.936228,48.20,36.80
2025-04-22T23:57:56.039291,48.20,98.80
2025-04-22T23:57:56.144400,48.36,99.30
2025-04-22T23:57:56.248744,48.36,99.60
2025-04-22T23:57:56.350322,48.36,99.70
2025-04-22T23:57:56.450713,48.36,81.80
2025-04-22T23:57:56.551494,48.36,0.00
2025-04-22T23:57:56.656581,48.36,0.10
2025-04-22T23:57:56.761658,48.36,74.40
2025-04-22T23:57:56.866744,48.38,99.60
2025-04-22T23:57:56.969796,48.45,99.60
2025-04-22T23:57:57.074886,48.45,99.70
2025-04-22T23:57:57.179996,48.45,99.70
2025-04-22T23:57:57.285089,48.45,99.10
2025-04-22T23:57:57.386524,48.45,0.00
2025-04-22T23:57:57.486879,48.45,0.00
2025-04-22T23:57:57.587983,48.45,50.00
2025-04-22T23:57:57.688420,48.45,99.70
2025-04-22T23:57:57.789758,48.45,99.70
2025-04-22T23:57:57.890969,48.45,99.80
2025-04-22T23:57:57.996055,48.45,99.60
2025-04-22T23:57:58.101137,48.45,99.70
2025-04-22T23:57:58.205099,48.45,30.10
2025-04-22T23:57:58.310187,48.45,0.00
2025-04-22T23:57:58.414662,48.45,27.70
2025-04-22T23:57:58.519755,48.45,99.50
2025-04-22T23:57:58.623504,48.45,99.50
2025-04-22T23:57:58.724753,48.45,99.60
2025-04-22T23:57:58.829851,48.45,99.70
2025-04-22T23:57:58.934945,48.45,99.70
2025-04-22T23:57:59.040036,48.45,48.10
2025-04-22T23:57:59.145114,48.45,0.10
2025-04-22T23:57:59.250212,48.45,9.00
2025-04-22T23:57:59.355301,48.45,99.70
2025-04-22T23:57:59.460191,48.45,99.80
2025-04-22T23:57:59.560832,48.45,99.80
2025-04-22T23:57:59.661986,48.47,99.70
2025-04-22T23:57:59.762316,48.47,99.70
2025-04-22T23:57:59.862656,48.47,84.00
2025-04-22T23:57:59.967748,48.47,0.00
2025-04-22T23:58:00.072898,48.47,0.10
2025-04-22T23:58:00.177980,48.47,72.30
2025-04-22T23:58:00.280826,48.47,99.70
2025-04-22T23:58:00.385948,48.47,99.70
2025-04-22T23:58:00.491035,48.47,99.70
2025-04-22T23:58:00.596171,48.47,61.00
2025-04-22T23:58:00.731077,48.47,87.10
2025-04-22T23:58:00.836185,48.47,44.30
2025-04-22T23:58:00.941279,48.47,0.00
2025-04-22T23:58:01.046365,48.47,12.10
2025-04-22T23:58:01.150549,48.47,99.80
2025-04-22T23:58:01.250902,48.47,99.40
2025-04-22T23:58:01.356011,48.47,99.70
2025-04-22T23:58:01.461097,48.47,99.60
2025-04-22T23:58:01.566189,48.47,99.80
2025-04-22T23:58:01.667643,48.47,73.30
2025-04-22T23:58:01.769381,48.47,0.00
2025-04-22T23:58:01.875280,48.47,0.00
2025-04-22T23:58:01.980362,48.47,83.60
2025-04-22T23:58:02.085452,48.47,99.70
2025-04-22T23:58:02.190545,48.47,99.70
2025-04-22T23:58:02.295638,48.47,90.10
2025-04-22T23:58:02.426660,48.45,20.50
2025-04-22T23:58:02.532823,46.69,97.90
2025-04-22T23:58:02.637933,46.69,97.60
2025-04-22T23:58:02.739467,46.69,1.80
2025-04-22T23:58:02.839809,46.69,0.00
2025-04-22T23:58:02.940122,46.69,46.30
2025-04-22T23:58:03.045217,46.69,99.70
2025-04-22T23:58:03.150313,46.69,99.80
2025-04-22T23:58:03.255405,46.70,99.50
2025-04-22T23:58:03.359354,46.70,99.80
2025-04-22T23:58:03.464455,46.70,99.70
2025-04-22T23:58:03.569545,46.70,29.40
2025-04-22T23:58:03.674630,46.70,0.00
2025-04-22T23:58:03.778356,46.70,26.50
2025-04-22T23:58:03.883452,46.70,100.00
2025-04-22T23:58:03.988543,48.06,99.80
2025-04-22T23:58:04.093638,48.06,99.60
2025-04-22T23:58:04.194581,48.06,99.40
2025-04-22T23:58:04.294920,48.06,99.10
2025-04-22T23:58:04.400049,48.06,62.50
2025-04-22T23:58:04.505142,48.06,0.20
2025-04-22T23:58:04.610227,48.05,0.20
2025-04-22T23:58:04.713047,48.05,96.30
2025-04-22T23:58:04.813443,48.05,99.80
2025-04-22T23:58:04.914785,48.05,99.80
2025-04-22T23:58:05.019678,48.05,99.70
2025-04-22T23:58:05.124766,48.05,99.70
2025-04-22T23:58:05.229859,48.05,85.40
2025-04-22T23:58:05.334953,48.05,0.00
2025-04-22T23:58:05.440051,48.05,0.00
2025-04-22T23:58:05.541469,48.05,68.30
2025-04-22T23:58:05.646563,48.30,99.60
2025-04-22T23:58:05.751669,48.31,99.80
2025-04-22T23:58:05.856752,48.31,99.70
2025-04-22T23:58:05.961834,48.31,99.60
2025-04-22T23:58:06.066942,48.31,99.70
2025-04-22T23:58:06.168157,48.31,21.70
2025-04-22T23:58:06.268471,48.31,0.00
2025-04-22T23:58:06.373558,48.31,31.80
2025-04-22T23:58:06.478633,48.31,99.70
2025-04-22T23:58:06.583727,48.30,99.70
2025-04-22T23:58:06.688829,48.30,99.70
2025-04-22T23:58:06.793914,48.30,99.70
2025-04-22T23:58:06.899001,48.30,99.70
2025-04-22T23:58:07.003263,48.30,42.60
2025-04-22T23:58:07.108348,48.30,0.10
2025-04-22T23:58:07.213447,48.28,14.40
2025-04-22T23:58:07.318564,48.28,99.60
2025-04-22T23:58:07.423731,48.33,99.70
2025-04-22T23:58:07.528864,48.28,99.80
2025-04-22T23:58:07.633963,48.28,99.70
2025-04-22T23:58:07.738897,48.28,99.60
2025-04-22T23:58:07.840716,48.28,64.30
2025-04-22T23:58:07.941017,48.28,0.00
2025-04-22T23:58:08.041377,48.28,0.00
2025-04-22T23:58:08.146476,48.28,88.30
2025-04-22T23:58:08.251569,48.28,99.80
2025-04-22T23:58:08.356675,48.28,99.70
2025-04-22T23:58:08.461776,48.28,99.70
2025-04-22T23:58:08.566892,48.28,99.90
2025-04-22T23:58:08.671990,48.28,85.50
2025-04-22T23:58:08.777080,48.28,0.00
2025-04-22T23:58:08.882159,48.28,0.00
2025-04-22T23:58:08.987238,48.28,71.50
2025-04-22T23:58:09.092324,48.28,99.70
2025-04-22T23:58:09.195499,48.28,46.10
2025-04-22T23:58:09.307781,48.28,98.70
2025-04-22T23:58:09.409859,48.28,99.20
2025-04-22T23:58:09.514962,48.28,99.70
2025-04-22T23:58:09.620068,48.28,68.30
2025-04-22T23:58:09.725165,48.31,0.00
2025-04-22T23:58:09.826204,48.31,0.00
2025-04-22T23:58:09.931299,48.31,84.30
2025-04-22T23:58:10.032906,48.31,99.70
2025-04-22T23:58:10.138003,48.34,99.70
2025-04-22T23:58:10.243096,48.34,99.70
2025-04-22T23:58:10.348186,48.34,99.70
2025-04-22T23:58:10.448923,48.34,93.90
2025-04-22T23:58:10.553910,48.34,0.00
2025-04-22T23:58:10.658992,48.34,0.00
2025-04-22T23:58:10.764067,48.34,65.00
2025-04-22T23:58:10.868006,48.34,99.60
2025-04-22T23:58:10.968354,48.34,99.50
2025-04-22T23:58:11.073451,48.34,99.50
2025-04-22T23:58:11.178558,48.34,99.40
2025-04-22T23:58:11.283661,48.34,48.50
2025-04-22T23:58:11.393595,48.33,71.60
2025-04-22T23:58:11.498480,48.33,0.00
2025-04-22T23:58:11.603570,48.33,0.10
2025-04-22T23:58:11.704273,48.33,67.30
2025-04-22T23:58:11.804612,48.33,99.70
2025-04-22T23:58:11.904989,48.33,99.70
2025-04-22T23:58:12.010083,48.33,99.70
2025-04-22T23:58:12.115167,48.33,99.80
2025-04-22T23:58:12.220258,48.33,99.70
2025-04-22T23:58:12.325346,48.33,11.30
2025-04-22T23:58:12.430431,48.33,0.00
2025-04-22T23:58:12.535511,48.33,46.80
2025-04-22T23:58:12.639378,48.33,99.10
2025-04-22T23:58:12.741295,48.33,61.10
2025-04-22T23:58:12.852797,48.33,75.90
2025-04-22T23:58:12.953162,48.33,98.90
2025-04-22T23:58:13.058265,48.33,99.70
2025-04-22T23:58:13.159415,48.33,99.70
2025-04-22T23:58:13.259930,48.33,12.90
2025-04-22T23:58:13.365020,48.33,0.00
2025-04-22T23:58:13.470107,48.33,44.30
2025-04-22T23:58:13.575202,48.33,99.70
2025-04-22T23:58:13.677844,48.33,99.60
2025-04-22T23:58:13.782955,48.34,99.80
2025-04-22T23:58:13.888050,48.34,99.60
2025-04-22T23:58:13.993141,48.34,99.90
2025-04-22T23:58:14.095999,48.34,32.40
2025-04-22T23:58:14.201087,48.34,0.00
2025-04-22T23:58:14.306168,48.34,25.00
2025-04-22T23:58:14.411252,48.34,99.60
2025-04-22T23:58:14.514123,48.34,99.70
2025-04-22T23:58:14.615553,48.34,99.80
2025-04-22T23:58:14.720665,48.34,99.80
2025-04-22T23:58:14.825750,48.34,99.70
2025-04-22T23:58:14.930429,48.34,54.10
2025-04-22T23:58:15.032171,48.34,0.00
2025-04-22T23:58:15.134648,48.34,0.10
2025-04-22T23:58:15.239779,48.34,99.80
2025-04-22T23:58:15.344877,48.34,99.80
2025-04-22T23:58:15.449981,48.34,99.60
2025-04-22T23:58:15.551077,48.34,99.70
2025-04-22T23:58:15.656161,48.34,99.80
2025-04-22T23:58:15.761238,48.34,61.10
2025-04-22T23:58:15.882341,48.34,2.60
2025-04-22T23:58:15.985121,48.34,0.00
2025-04-22T23:58:16.086295,48.34,49.90
2025-04-22T23:58:16.186700,48.34,99.70
2025-04-22T23:58:16.288200,48.34,99.70
2025-04-22T23:58:16.391497,48.34,99.40
2025-04-22T23:58:16.496590,48.34,99.70
2025-04-22T23:58:16.601690,48.34,99.80
2025-04-22T23:58:16.706796,48.34,27.70
2025-04-22T23:58:16.811884,48.34,0.00
2025-04-22T23:58:16.916973,48.34,31.00
2025-04-22T23:58:17.022075,48.34,99.70
2025-04-22T23:58:17.123347,48.34,99.80
2025-04-22T23:58:17.223668,48.31,99.70
2025-04-22T23:58:17.328769,48.31,99.80
2025-04-22T23:58:17.433851,48.31,99.60
2025-04-22T23:58:17.538936,48.31,56.80
2025-04-22T23:58:17.644026,48.31,0.10
2025-04-22T23:58:17.749104,48.31,0.00
2025-04-22T23:58:17.853828,48.31,99.90
2025-04-22T23:58:17.959022,48.31,99.70
2025-04-22T23:58:18.064135,48.38,99.70
2025-04-22T23:58:18.166418,48.38,99.70
2025-04-22T23:58:18.271510,48.38,99.70
2025-04-22T23:58:18.376157,48.38,71.90
2025-04-22T23:58:18.481241,48.38,0.00
2025-04-22T23:58:18.586305,48.38,0.10
2025-04-22T23:58:18.691372,48.38,85.00
2025-04-22T23:58:18.795852,48.38,99.60
2025-04-22T23:58:18.896208,48.38,99.60
2025-04-22T23:58:18.999663,48.38,99.50
2025-04-22T23:58:19.104762,48.38,99.80
2025-04-22T23:58:19.209851,48.38,93.20
2025-04-22T23:58:19.314942,48.38,0.00
2025-04-22T23:58:19.420318,48.38,0.00
2025-04-22T23:58:19.525476,48.38,64.10
2025-04-22T23:58:19.630573,48.41,99.80
2025-04-22T23:58:19.732516,48.42,99.80
2025-04-22T23:58:19.832855,48.42,99.60
2025-04-22T23:58:19.935506,48.42,99.70
2025-04-22T23:58:20.040602,48.42,99.70
2025-04-22T23:58:20.145683,48.42,15.00
2025-04-22T23:58:20.250773,48.42,0.00
2025-04-22T23:58:20.355860,48.42,42.20
2025-04-22T23:58:20.460947,48.42,99.70
2025-04-22T23:58:20.566038,48.42,93.10
2025-04-22T23:58:20.671738,48.42,99.10
2025-04-22T23:58:20.776852,48.34,99.60
2025-04-22T23:58:20.881953,48.34,99.10
2025-04-22T23:58:20.986173,48.34,49.10
2025-04-22T23:58:21.088197,48.34,0.10
2025-04-22T23:58:21.193287,48.34,4.60
2025-04-22T23:58:21.296294,48.34,99.70
2025-04-22T23:58:21.400025,48.39,99.70
2025-04-22T23:58:21.505132,48.41,99.70
2025-04-22T23:58:21.605677,48.41,99.60
2025-04-22T23:58:21.710774,48.41,96.10
2025-04-22T23:58:21.815939,48.41,85.80
2025-04-22T23:58:21.921074,48.39,0.00
2025-04-22T23:58:22.023808,48.39,0.00
2025-04-22T23:58:22.128888,48.39,69.70
2025-04-22T23:58:22.233970,48.39,99.80
2025-04-22T23:58:22.339058,48.39,50.80
2025-04-22T23:58:22.442118,48.34,97.20
2025-04-22T23:58:22.544683,48.28,99.70
2025-04-22T23:58:22.649788,48.28,99.70
2025-04-22T23:58:22.754915,48.28,66.60
2025-04-22T23:58:22.859621,48.28,0.00
2025-04-22T23:58:22.964722,48.28,0.00
2025-04-22T23:58:23.069799,48.28,90.30
2025-04-22T23:58:23.174899,48.28,99.70
2025-04-22T23:58:23.278126,48.36,99.80
2025-04-22T23:58:23.380642,48.36,38.70
2025-04-22T23:58:23.486131,46.86,28.10
2025-04-22T23:58:23.591383,46.44,81.40
2025-04-22T23:58:23.696534,46.39,50.00
2025-04-22T23:58:23.800016,46.39,84.00
2025-04-22T23:58:23.900591,46.39,52.80
2025-04-22T23:58:24.005484,46.45,0.00
2025-04-22T23:58:24.110580,46.45,3.10
2025-04-22T23:58:24.213990,47.81,99.70
2025-04-22T23:58:24.315216,47.84,99.40
2025-04-22T23:58:24.417623,48.00,99.60
2025-04-22T23:58:24.522779,48.00,99.70
2025-04-22T23:58:24.627880,48.00,99.70
2025-04-22T23:58:24.733028,48.00,81.90
2025-04-22T23:58:24.833674,48.00,0.40
2025-04-22T23:58:24.936035,47.94,0.00
2025-04-22T23:58:25.041126,47.94,74.40
2025-04-22T23:58:25.146222,47.97,99.80
2025-04-22T23:58:25.250736,47.97,99.60
2025-04-22T23:58:25.355801,47.98,99.70
2025-04-22T23:58:25.456908,47.98,99.70
2025-04-22T23:58:25.562000,47.98,99.20
2025-04-22T23:58:25.665908,47.98,0.10
2025-04-22T23:58:25.771023,47.98,0.00
2025-04-22T23:58:25.876121,47.98,57.70
2025-04-22T23:58:25.981213,47.98,99.60
2025-04-22T23:58:26.086299,47.98,99.90
2025-04-22T23:58:26.188468,47.98,99.60
2025-04-22T23:58:26.293591,47.98,99.70
2025-04-22T23:58:26.398682,47.98,99.80
2025-04-22T23:58:26.503766,47.98,12.80
2025-04-22T23:58:26.606576,39.05,0.10
2025-04-22T23:58:26.706919,39.05,39.10
2025-04-22T23:58:26.812014,39.05,99.70
2025-04-22T23:58:26.917103,39.16,99.90
2025-04-22T23:58:27.022191,39.17,99.50
2025-04-22T23:58:27.125119,33.72,99.30
2025-04-22T23:58:27.230217,33.70,99.70
2025-04-22T23:58:27.335316,33.70,32.90
2025-04-22T23:58:27.440419,33.66,0.00
2025-04-22T23:58:27.543183,33.66,18.40
2025-04-22T23:58:27.643567,33.66,99.80
2025-04-22T23:58:27.743978,34.70,99.60
2025-04-22T23:58:27.844289,33.66,99.60
2025-04-22T23:58:27.949379,33.66,99.70
2025-04-22T23:58:28.054459,33.66,99.70
2025-04-22T23:58:28.159556,33.66,63.40
2025-04-22T23:58:28.263592,33.66,0.00
2025-04-22T23:58:28.368688,33.66,0.00
2025-04-22T23:58:28.469614,33.66,90.80
2025-04-22T23:58:28.574704,33.66,92.90
2025-04-22T23:58:28.678524,48.39,101.50
2025-04-22T23:58:28.782504,48.39,99.60
2025-04-22T23:58:28.887592,48.39,99.70
2025-04-22T23:58:28.992686,48.39,99.70
2025-04-22T23:58:29.095544,48.39,7.40
2025-04-22T23:58:29.199001,48.39,0.00
2025-04-22T23:58:29.299375,48.39,43.90
2025-04-22T23:58:29.404460,48.39,99.30
2025-04-22T23:58:29.509548,48.39,99.60
2025-04-22T23:58:29.614641,48.39,99.80
2025-04-22T23:58:29.717524,48.42,34.20
2025-04-22T23:58:29.817988,48.30,97.40
2025-04-22T23:58:29.918482,48.30,98.50
2025-04-22T23:58:30.023659,48.30,21.70
2025-04-22T23:58:30.128747,48.28,0.10
2025-04-22T23:58:30.233830,48.28,35.30
2025-04-22T23:58:30.338901,48.28,97.90
2025-04-22T23:58:30.444052,49.25,93.40
2025-04-22T23:58:30.549209,49.27,98.70
2025-04-22T23:58:30.653649,49.27,99.40
2025-04-22T23:58:30.755661,49.27,99.20
2025-04-22T23:58:30.860766,49.27,69.30
2025-04-22T23:58:30.965868,49.27,0.00
2025-04-22T23:58:31.070958,49.27,0.00
2025-04-22T23:58:31.176051,49.27,87.40
2025-04-22T23:58:31.281143,49.27,99.70
2025-04-22T23:58:31.386229,49.27,94.00
2025-04-22T23:58:31.490677,49.27,93.90
2025-04-22T23:58:31.595805,49.25,98.80
2025-04-22T23:58:31.700890,49.25,99.30
2025-04-22T23:58:31.805435,49.25,20.90
2025-04-22T23:58:31.909062,49.25,0.00
2025-04-22T23:58:32.014149,49.25,34.20
2025-04-22T23:58:32.119240,49.25,99.70
2025-04-22T23:58:32.224331,49.28,99.60
2025-04-22T23:58:32.326741,49.28,99.70
2025-04-22T23:58:32.431850,49.28,98.80
2025-04-22T23:58:32.536553,49.28,99.60
2025-04-22T23:58:32.641675,49.28,49.10
2025-04-22T23:58:32.744831,49.28,0.00
2025-04-22T23:58:32.849920,49.28,2.80
2025-04-22T23:58:32.961058,49.27,88.70
2025-04-22T23:58:33.066207,49.27,99.80
2025-04-22T23:58:33.167969,49.27,99.70
2025-04-22T23:58:33.273059,49.28,99.70
2025-04-22T23:58:33.378152,49.28,99.70
2025-04-22T23:58:33.483249,49.28,91.90
2025-04-22T23:58:33.588343,49.28,0.00
2025-04-22T23:58:33.693421,49.28,0.00
2025-04-22T23:58:33.798505,49.28,66.20
2025-04-22T23:58:33.898913,49.28,97.60
2025-04-22T23:58:33.999273,49.41,99.30
2025-04-22T23:58:34.099547,49.41,97.60
2025-04-22T23:58:34.199803,49.41,95.30
2025-04-22T23:58:34.302057,49.41,97.00
2025-04-22T23:58:34.407212,49.41,70.90
2025-04-22T23:58:34.512323,49.41,0.00
2025-04-22T23:58:34.616767,49.41,0.10
2025-04-22T23:58:34.718528,49.41,81.20
2025-04-22T23:58:34.823727,49.41,95.10
2025-04-22T23:58:34.928643,48.50,95.90
2025-04-22T23:58:35.033747,48.50,95.60
2025-04-22T23:58:35.136590,48.50,96.20
2025-04-22T23:58:35.237116,48.50,96.30
2025-04-22T23:58:35.337339,48.50,92.40
2025-04-22T23:58:35.437691,48.50,9.50
2025-04-22T23:58:35.576589,48.30,0.10
2025-04-22T23:58:35.740214,47.92,14.70
2025-04-22T23:58:35.842858,47.92,26.50
2025-04-22T23:58:35.944569,41.33,50.90
2025-04-22T23:58:36.051543,33.12,23.70
2025-04-22T23:58:36.157192,24.97,71.80
2025-04-22T23:58:36.261769,22.08,74.40
2025-04-22T23:58:36.365394,18.20,25.10
2025-04-22T23:58:36.480404,16.11,12.70
2025-04-22T23:58:36.585214,16.11,22.00
2025-04-22T23:58:36.690673,16.11,95.50
2025-04-22T23:58:36.795860,22.92,95.40
2025-04-22T23:58:36.900979,25.91,97.50
2025-04-22T23:58:37.001785,27.94,95.70
2025-04-22T23:58:37.106970,29.55,96.40
2025-04-22T23:58:37.211246,31.03,90.50
2025-04-22T23:58:37.314864,32.14,11.10
2025-04-22T23:58:37.420034,32.25,0.00
2025-04-22T23:58:37.520831,32.25,44.80
2025-04-22T23:58:37.625934,32.61,97.80
2025-04-22T23:58:37.729487,33.78,97.10
2025-04-22T23:58:37.834603,32.97,95.30
2025-04-22T23:58:37.937433,32.97,96.50
2025-04-22T23:58:38.042555,32.97,39.80
2025-04-22T23:58:38.169555,32.97,65.90
2025-04-22T23:58:38.271727,32.97,81.50
2025-04-22T23:58:38.372665,32.97,95.00
2025-04-22T23:58:38.477812,32.97,97.50
2025-04-22T23:58:38.582957,32.97,9.80
2025-04-22T23:58:38.684039,32.97,0.10
2025-04-22T23:58:38.785977,32.97,39.90
2025-04-22T23:58:38.891124,32.97,96.60
2025-04-22T23:58:38.991647,32.98,74.70
2025-04-22T23:58:39.096758,31.77,96.40
2025-04-22T23:58:39.201688,31.80,96.20
2025-04-22T23:58:39.306816,31.80,95.60
2025-04-22T23:58:39.411957,31.80,94.90
2025-04-22T23:58:39.517104,31.80,94.20
2025-04-22T23:58:39.619663,31.80,95.50
2025-04-22T23:58:39.724885,33.45,82.80
2025-04-22T23:58:39.827886,33.39,0.00
2025-04-22T23:58:39.933014,33.39,0.00
2025-04-22T23:58:40.035089,33.39,65.30
2025-04-22T23:58:40.137537,33.41,95.70
2025-04-22T23:58:40.242355,33.50,95.70
2025-04-22T23:58:40.347508,33.58,95.30
2025-04-22T23:58:40.451176,33.58,93.60
2025-04-22T23:58:40.555257,33.58,96.40
2025-04-22T23:58:40.656527,33.58,97.10
2025-04-22T23:58:40.761658,33.58,97.10
2025-04-22T23:58:40.866781,33.58,86.30
2025-04-22T23:58:40.968515,33.58,44.30
2025-04-22T23:58:41.070295,33.55,0.20
2025-04-22T23:58:41.175444,33.53,9.80
2025-04-22T23:58:41.280566,33.53,97.70
2025-04-22T23:58:41.385671,33.55,97.40
2025-04-22T23:58:41.486719,33.58,97.20
2025-04-22T23:58:41.591861,33.58,97.70
2025-04-22T23:58:41.696979,33.58,96.70
2025-04-22T23:58:41.801809,33.58,98.00
2025-04-22T23:58:41.906946,33.58,97.70
2025-04-22T23:58:42.012145,33.58,36.50
2025-04-22T23:58:42.116602,33.58,0.10
2025-04-22T23:58:42.220081,33.58,18.00
2025-04-22T23:58:42.325192,33.58,99.00
2025-04-22T23:58:42.430340,34.56,98.10
2025-04-22T23:58:42.535587,33.66,98.50
2025-04-22T23:58:42.636922,33.66,91.90
2025-04-22T23:58:42.737406,33.64,95.60
2025-04-22T23:58:42.842522,33.64,92.20
2025-04-22T23:58:42.947662,33.64,95.40
2025-04-22T23:58:43.052970,33.64,45.50
2025-04-22T23:58:43.155800,33.62,0.20
2025-04-22T23:58:43.259978,33.36,0.00
2025-04-22T23:58:43.400962,33.22,3.50
2025-04-22T23:58:43.502175,29.27,51.00
2025-04-22T23:58:43.606779,37.09,49.30
2025-04-22T23:58:43.708198,46.89,40.30
2025-04-22T23:58:43.813444,46.66,67.90
2025-04-22T23:58:43.927899,46.84,75.90
2025-04-22T23:58:44.030500,48.08,38.50
2025-04-22T23:58:44.136667,47.09,2.80
2025-04-22T23:58:44.263996,46.84,5.20
2025-04-22T23:58:44.368092,44.88,0.10
2025-04-22T23:58:44.472054,44.89,3.40
2025-04-22T23:58:44.747806,45.75,3.60
2025-04-22T23:58:44.864180,44.39,1.70
2025-04-22T23:58:45.026760,43.95,3.20
2025-04-22T23:58:45.146098,43.31,9.00
2025-04-22T23:58:45.256195,43.64,18.70
2025-04-22T23:58:45.358889,27.95,57.40
2025-04-22T23:58:45.464139,29.42,68.60
2025-04-22T23:58:45.569754,34.20,33.60
2025-04-22T23:58:45.690595,27.59,0.70
2025-04-22T23:58:45.791611,23.09,6.80
2025-04-22T23:58:45.892952,23.23,23.30
2025-04-22T23:58:46.001077,23.59,37.90
2025-04-22T23:58:46.115749,23.94,71.20
2025-04-22T23:58:46.221130,25.00,92.80
2025-04-22T23:58:46.326337,26.86,96.30
2025-04-22T23:58:46.427491,28.81,39.20
2025-04-22T23:58:46.545470,29.59,53.10
2025-04-22T23:58:46.645807,30.14,59.60
2025-04-22T23:58:46.751114,30.81,92.40
2025-04-22T23:58:46.855773,31.77,9.90
2025-04-22T23:58:46.960919,32.23,0.00
2025-04-22T23:58:47.061766,32.23,40.90
2025-04-22T23:58:47.163101,32.55,97.50
2025-04-22T23:58:47.268298,33.69,97.10
2025-04-22T23:58:47.371534,32.91,99.50
2025-04-22T23:58:47.476637,32.91,99.50
2025-04-22T23:58:47.581803,32.91,99.70
2025-04-22T23:58:47.686895,32.91,99.60
2025-04-22T23:58:47.791982,32.91,44.30
2025-04-22T23:58:47.892194,32.91,0.00
2025-04-22T23:58:47.997300,32.91,7.00
2025-04-22T23:58:48.098769,32.95,99.70
2025-04-22T23:58:48.200725,33.06,99.60
2025-04-22T23:58:48.305810,33.17,99.70
2025-04-22T23:58:48.410898,33.17,99.70
2025-04-22T23:58:48.515985,33.17,99.70
2025-04-22T23:58:48.616615,33.17,95.40
2025-04-22T23:58:48.717151,33.17,0.10
2025-04-22T23:58:48.817932,33.17,0.00
2025-04-22T23:58:48.923023,33.17,57.10
2025-04-22T23:58:49.028103,33.19,99.70
2025-04-22T23:58:49.133199,33.31,99.70
2025-04-22T23:58:49.235413,33.34,99.60
2025-04-22T23:58:49.338739,33.34,99.80
2025-04-22T23:58:49.443829,33.34,99.60
2025-04-22T23:58:49.548915,33.34,20.20
2025-04-22T23:58:49.654224,33.34,1.60
2025-04-22T23:58:49.759015,33.62,31.30
2025-04-22T23:58:49.864826,33.62,26.20
2025-04-22T23:58:49.985862,33.62,52.40
2025-04-22T23:58:50.087258,33.69,98.00
2025-04-22T23:58:50.187765,33.70,99.80
2025-04-22T23:58:50.289767,33.73,99.50
2025-04-22T23:58:50.390112,33.73,99.70
2025-04-22T23:58:50.491135,33.73,99.50
2025-04-22T23:58:50.596239,33.73,99.50
2025-04-22T23:58:50.700912,33.73,1.00
2025-04-22T23:58:50.805981,33.73,0.00
2025-04-22T23:58:50.911036,33.73,56.20
2025-04-22T23:58:51.016116,33.75,99.70
2025-04-22T23:58:51.121207,33.77,99.70
2025-04-22T23:58:51.226013,33.77,99.70
2025-04-22T23:58:51.331104,33.77,97.90
2025-04-22T23:58:51.436273,33.77,99.60
2025-04-22T23:58:51.541388,33.77,16.10
2025-04-22T23:58:51.644495,33.77,0.10
2025-04-22T23:58:51.749638,33.77,41.40
2025-04-22T23:58:51.854726,33.77,99.60
2025-04-22T23:58:51.959817,33.77,99.80
2025-04-22T23:58:52.062111,33.77,99.70
2025-04-22T23:58:52.163034,33.77,99.80
2025-04-22T23:58:52.263367,33.77,99.60
2025-04-22T23:58:52.368503,33.77,37.00
2025-04-22T23:58:52.473589,33.77,0.00
2025-04-22T23:58:52.578666,33.77,18.40
2025-04-22T23:58:52.681533,33.77,99.80
2025-04-22T23:58:52.781877,34.81,99.80
2025-04-22T23:58:52.886991,33.78,99.70
2025-04-22T23:58:52.992085,33.78,99.70
2025-04-22T23:58:53.097167,33.78,99.70
2025-04-22T23:58:53.202084,33.78,52.20
2025-04-22T23:58:53.307171,33.78,0.00
2025-04-22T23:58:53.412241,33.78,5.00
2025-04-22T23:58:53.517331,33.78,99.70
2025-04-22T23:58:53.622420,33.78,99.80
2025-04-22T23:58:53.727511,33.78,99.30
2025-04-22T23:58:53.830092,33.78,98.70
2025-04-22T23:58:53.934507,33.78,99.60
2025-04-22T23:58:54.039605,33.78,70.60
2025-04-22T23:58:54.144692,33.78,0.10
2025-04-22T23:58:54.249770,33.78,0.00
2025-04-22T23:58:54.354898,33.78,35.80
2025-04-22T23:58:54.468265,33.78,98.90
2025-04-22T23:58:54.570965,34.03,99.40
2025-04-22T23:58:54.672024,33.86,81.10
2025-04-22T23:58:54.784065,33.86,59.90
2025-04-22T23:58:54.889304,33.98,98.90
2025-04-22T23:58:54.994438,33.98,99.10
2025-04-22T23:58:55.099545,33.98,23.00
2025-04-22T23:58:55.204427,33.98,0.00
2025-04-22T23:58:55.306624,33.98,34.80
2025-04-22T23:58:55.411716,33.98,98.10
2025-04-22T23:58:55.516818,34.00,99.80
2025-04-22T23:58:55.621919,34.08,99.80
2025-04-22T23:58:55.725508,34.08,99.50
2025-04-22T23:58:55.830608,34.08,99.80
2025-04-22T23:58:55.935706,34.08,46.60
2025-04-22T23:58:56.040804,33.98,0.00
2025-04-22T23:58:56.143643,33.98,1.00
2025-04-22T23:58:56.244006,33.98,99.60
2025-04-22T23:58:56.345491,34.00,99.80
2025-04-22T23:58:56.448335,34.06,99.60
2025-04-22T23:58:56.553425,34.06,99.70
2025-04-22T23:58:56.658515,34.06,99.70
2025-04-22T23:58:56.762515,34.06,74.90
2025-04-22T23:58:56.864000,34.06,0.00
2025-04-22T23:58:56.969067,34.06,0.00
2025-04-22T23:58:57.074130,34.06,79.50
2025-04-22T23:58:57.179229,34.06,98.50
2025-04-22T23:58:57.279834,34.12,99.60
2025-04-22T23:58:57.380620,34.12,99.70
2025-04-22T23:58:57.485718,34.12,99.70
2025-04-22T23:58:57.588311,34.12,99.80
2025-04-22T23:58:57.693399,34.12,12.80
2025-04-22T23:58:57.798492,34.12,0.00
2025-04-22T23:58:57.899792,34.12,40.60
2025-04-22T23:58:58.004868,34.12,99.60
2025-04-22T23:58:58.109961,48.42,99.80
2025-04-22T23:58:58.211817,48.44,99.50
2025-04-22T23:58:58.316833,48.44,99.00
2025-04-22T23:58:58.419948,48.44,99.40
2025-04-22T23:58:58.525048,48.44,52.10
2025-04-22T23:58:58.626175,48.44,0.10
2025-04-22T23:58:58.731272,48.44,3.30
2025-04-22T23:58:58.836417,48.44,99.70
2025-04-22T23:58:58.941542,48.44,99.70
2025-04-22T23:58:59.046640,48.45,99.80
2025-04-22T23:58:59.151737,48.45,99.70
2025-04-22T23:58:59.256832,48.45,99.60
2025-04-22T23:58:59.361918,48.45,63.50
2025-04-22T23:58:59.467000,48.45,0.00
2025-04-22T23:58:59.572097,48.45,0.00
2025-04-22T23:58:59.674018,48.45,90.80
2025-04-22T23:58:59.779095,48.45,34.80
2025-04-22T23:58:59.884310,49.05,99.10
2025-04-22T23:58:59.989442,48.55,98.30
2025-04-22T23:59:00.094545,48.44,99.60
2025-04-22T23:59:00.199645,48.44,99.80
2025-04-22T23:59:00.304729,48.44,99.50
2025-04-22T23:59:00.407230,48.44,5.50
2025-04-22T23:59:00.512329,48.44,0.00
2025-04-22T23:59:00.617396,48.44,51.70
2025-04-22T23:59:00.722476,48.44,99.70
2025-04-22T23:59:00.827614,48.44,99.70
2025-04-22T23:59:00.931496,48.44,99.70
2025-04-22T23:59:01.036584,48.44,99.80
2025-04-22T23:59:01.141680,48.44,99.70
2025-04-22T23:59:01.244913,48.44,26.30
2025-04-22T23:59:01.345230,48.44,0.00
2025-04-22T23:59:01.445611,48.44,19.30
2025-04-22T23:59:01.545931,48.44,99.50
2025-04-22T23:59:01.651026,48.72,99.80
2025-04-22T23:59:01.756125,48.44,99.10
2025-04-22T23:59:01.861224,48.44,99.60
2025-04-22T23:59:01.964171,48.44,99.80
2025-04-22T23:59:02.069342,48.44,62.10
2025-04-22T23:59:02.174424,48.44,0.10
2025-04-22T23:59:02.279488,48.44,0.00
2025-04-22T23:59:02.383653,48.44,12.20
2025-04-22T23:59:02.485240,47.72,8.80
2025-04-22T23:59:02.590596,46.27,91.90
2025-04-22T23:59:02.695814,46.33,96.40
2025-04-22T23:59:02.800929,46.92,98.60
2025-04-22T23:59:02.901565,46.95,99.50
2025-04-22T23:59:03.006695,46.97,99.60
2025-04-22T23:59:03.111791,46.97,99.80
2025-04-22T23:59:03.216893,46.97,98.50
2025-04-22T23:59:03.318861,46.84,26.90
2025-04-22T23:59:03.419190,46.84,0.00
2025-04-22T23:59:03.524293,46.84,26.90
2025-04-22T23:59:03.629391,46.86,99.80
2025-04-22T23:59:03.734474,46.86,99.40
2025-04-22T23:59:03.839570,46.86,99.70
2025-04-22T23:59:03.944659,46.86,99.60
2025-04-22T23:59:04.049752,46.86,99.70
2025-04-22T23:59:04.154933,46.86,48.90
2025-04-22T23:59:04.260029,46.86,0.00
2025-04-22T23:59:04.365101,46.86,8.10
2025-04-22T23:59:04.470179,46.86,99.70
2025-04-22T23:59:04.575269,46.88,99.80
2025-04-22T23:59:04.680369,47.02,99.80
2025-04-22T23:59:04.785460,47.02,97.50
2025-04-22T23:59:04.889366,47.02,97.00
2025-04-22T23:59:04.991396,47.77,91.40
2025-04-22T23:59:05.096494,48.30,0.00
2025-04-22T23:59:05.201558,48.30,0.10
2025-04-22T23:59:05.306619,48.30,63.80
2025-04-22T23:59:05.408730,48.30,99.80
2025-04-22T23:59:05.509345,48.31,98.60
2025-04-22T23:59:05.610401,48.31,93.70
2025-04-22T23:59:05.715509,48.33,99.70
2025-04-22T23:59:05.820611,48.31,99.70
2025-04-22T23:59:05.925699,48.31,33.10
2025-04-22T23:59:06.028343,48.31,0.00
2025-04-22T23:59:06.128698,48.31,16.70
2025-04-22T23:59:06.229075,48.31,99.70
2025-04-22T23:59:06.329444,48.98,84.60
2025-04-22T23:59:06.440243,48.34,48.00
2025-04-22T23:59:06.543978,48.34,99.00
2025-04-22T23:59:06.646522,48.34,99.30
2025-04-22T23:59:06.747595,48.34,99.70
2025-04-22T23:59:06.847982,48.34,71.80
2025-04-22T23:59:06.951492,48.34,0.00
2025-04-22T23:59:07.056574,48.34,0.00
2025-04-22T23:59:07.161650,48.34,84.40
2025-04-22T23:59:07.266081,48.36,99.10
2025-04-22T23:59:07.368483,48.36,99.70
2025-04-22T23:59:07.473637,48.36,99.70
2025-04-22T23:59:07.578734,48.36,99.70
2025-04-22T23:59:07.683182,48.36,99.60
2025-04-22T23:59:07.783867,48.36,0.00
2025-04-22T23:59:07.888954,48.36,0.00
2025-04-22T23:59:07.990789,48.36,57.50
2025-04-22T23:59:08.095884,48.36,99.70
2025-04-22T23:59:08.200974,48.38,99.70
2025-04-22T23:59:08.302178,48.38,99.70
2025-04-22T23:59:08.403012,48.38,99.70
2025-04-22T23:59:08.508113,48.38,99.70
2025-04-22T23:59:08.613201,48.38,25.00
2025-04-22T23:59:08.717165,48.30,0.00
2025-04-22T23:59:08.821482,48.30,33.30
2025-04-22T23:59:08.926609,48.30,99.80
2025-04-22T23:59:09.031702,48.31,99.70
2025-04-22T23:59:09.136797,48.31,99.80
2025-04-22T23:59:09.237252,48.31,99.70
2025-04-22T23:59:09.340042,48.31,96.70
2025-04-22T23:59:09.440633,40.72,76.40
2025-04-22T23:59:09.543469,33.97,0.00
2025-04-22T23:59:09.648570,33.97,0.80
2025-04-22T23:59:09.753670,33.97,73.10
2025-04-22T23:59:09.858087,33.98,99.40
2025-04-22T23:59:09.961843,48.41,99.80
2025-04-22T23:59:10.066953,48.42,99.70
2025-04-22T23:59:10.171795,48.42,99.80
2025-04-22T23:59:10.275879,48.42,99.70
2025-04-22T23:59:10.376309,48.42,22.70
2025-04-22T23:59:10.481394,48.42,0.00
2025-04-22T23:59:10.586477,48.42,34.40
2025-04-22T23:59:10.691564,48.42,99.90
2025-04-22T23:59:10.795131,48.38,99.60
2025-04-22T23:59:10.900240,48.38,99.70
2025-04-22T23:59:11.005329,48.38,99.80
2025-04-22T23:59:11.110407,48.38,99.40
2025-04-22T23:59:11.215496,48.38,39.20
2025-04-22T23:59:11.320580,48.38,0.00
2025-04-22T23:59:11.425648,48.38,17.90
2025-04-22T23:59:11.530744,48.38,99.70
2025-04-22T23:59:11.633248,48.41,99.80
2025-04-22T23:59:11.738336,48.47,99.70
2025-04-22T23:59:11.843432,48.47,99.70
2025-04-22T23:59:11.947777,48.47,99.70
2025-04-22T23:59:12.049499,48.47,58.80
2025-04-22T23:59:12.154586,48.47,0.10
2025-04-22T23:59:12.259662,48.47,0.00
2025-04-22T23:59:12.364753,48.47,99.60
2025-04-22T23:59:12.466921,48.47,99.60
2025-04-22T23:59:12.568020,48.53,99.70
2025-04-22T23:59:12.673121,48.53,99.70
2025-04-22T23:59:12.778217,48.53,99.60
2025-04-22T23:59:12.883300,48.53,77.20
2025-04-22T23:59:12.986127,48.53,0.00
2025-04-22T23:59:13.086490,48.53,0.00
2025-04-22T23:59:13.191575,48.44,74.80
2025-04-22T23:59:13.296649,48.44,99.70
2025-04-22T23:59:13.401724,48.44,99.60
2025-04-22T23:59:13.506817,48.44,99.80
2025-04-22T23:59:13.611902,48.44,99.60
2025-04-22T23:59:13.716990,48.44,97.10
2025-04-22T23:59:13.821708,48.44,0.00
2025-04-22T23:59:13.926792,48.44,0.00
2025-04-22T23:59:14.031859,48.44,61.60
2025-04-22T23:59:14.136931,48.44,99.80
2025-04-22T23:59:14.240583,48.44,99.60
2025-04-22T23:59:14.342239,48.44,99.70
2025-04-22T23:59:14.447335,48.44,99.70
2025-04-22T23:59:14.552412,48.44,99.80
2025-04-22T23:59:14.657504,48.44,12.90
2025-04-22T23:59:14.759027,48.44,0.00
2025-04-22T23:59:14.864094,48.44,42.10
2025-04-22T23:59:14.969169,48.44,99.70
2025-04-22T23:59:15.074272,48.44,100.00
2025-04-22T23:59:15.179367,48.44,99.60
2025-04-22T23:59:15.284017,48.44,99.00
2025-04-22T23:59:15.389117,48.44,99.60
2025-04-22T23:59:15.494214,48.44,39.60
2025-04-22T23:59:15.595314,48.44,0.00
2025-04-22T23:59:15.698761,48.44,14.40
2025-04-22T23:59:15.803851,48.44,99.70
2025-04-22T23:59:15.908942,49.39,88.60
2025-04-22T23:59:16.016425,48.48,62.20
2025-04-22T23:59:16.121942,48.48,99.70
2025-04-22T23:59:16.227043,48.48,99.80
2025-04-22T23:59:16.332124,48.48,98.60
2025-04-22T23:59:16.436257,48.48,25.10
2025-04-22T23:59:16.537421,48.48,0.00
2025-04-22T23:59:16.642499,48.48,30.90
2025-04-22T23:59:16.747588,48.48,99.80
2025-04-22T23:59:16.849798,48.48,99.70
2025-04-22T23:59:16.950065,48.48,99.70
2025-04-22T23:59:17.055164,48.48,99.70
2025-04-22T23:59:17.160255,48.48,99.70
2025-04-22T23:59:17.265348,48.48,50.00
2025-04-22T23:59:17.368177,48.48,0.00
2025-04-22T23:59:17.473263,48.48,9.40
2025-04-22T23:59:17.578342,48.48,99.80
2025-04-22T23:59:17.683429,48.59,99.80
2025-04-22T23:59:17.786384,48.48,99.70
2025-04-22T23:59:17.891538,48.48,99.70
2025-04-22T23:59:17.992333,48.48,99.70
2025-04-22T23:59:18.097425,48.48,64.90
2025-04-22T23:59:18.202515,48.48,0.10
2025-04-22T23:59:18.306216,48.48,0.00
2025-04-22T23:59:18.411295,48.48,90.70
2025-04-22T23:59:18.516384,48.48,99.60
2025-04-22T23:59:18.621472,48.48,99.60
2025-04-22T23:59:18.721842,48.48,99.80
2025-04-22T23:59:18.826933,48.48,99.70
2025-04-22T23:59:18.932023,48.48,85.20
2025-04-22T23:59:19.037104,48.48,0.00
2025-04-22T23:59:19.142189,48.48,0.00
2025-04-22T23:59:19.247266,48.48,71.80
2025-04-22T23:59:19.352349,48.48,99.20
2025-04-22T23:59:19.453683,48.48,99.80
2025-04-22T23:59:19.558854,48.48,99.60
2025-04-22T23:59:19.660595,48.48,99.90
2025-04-22T23:59:19.765729,48.48,99.80
2025-04-22T23:59:19.870823,48.48,11.60
2025-04-22T23:59:19.976061,48.48,0.00
2025-04-22T23:59:20.078083,48.48,45.40
2025-04-22T23:59:20.183185,48.48,99.70
2025-04-22T23:59:20.288281,48.48,99.70
2025-04-22T23:59:20.393371,48.48,99.60
2025-04-22T23:59:20.495859,48.48,99.70
2025-04-22T23:59:20.600533,48.48,99.70
2025-04-22T23:59:20.705626,48.48,38.20
2025-04-22T23:59:20.810713,48.48,0.00
2025-04-22T23:59:20.913996,48.48,20.40
2025-04-22T23:59:21.019081,48.48,99.40
2025-04-22T23:59:21.124168,49.48,100.10
2025-04-22T23:59:21.229252,48.48,99.60
2025-04-22T23:59:21.334339,48.48,99.70
2025-04-22T23:59:21.439472,48.48,99.60
2025-04-22T23:59:21.544581,48.48,57.90
2025-04-22T23:59:21.649696,48.48,0.10
2025-04-22T23:59:21.750235,48.48,0.00
2025-04-22T23:59:21.850587,48.48,91.70
2025-04-22T23:59:21.955691,48.50,99.60
2025-04-22T23:59:22.060780,48.47,99.70
2025-04-22T23:59:22.165869,48.47,99.90
2025-04-22T23:59:22.269777,48.47,99.70
2025-04-22T23:59:22.370673,48.47,99.60
2025-04-22T23:59:22.475771,48.47,0.00
2025-04-22T23:59:22.580858,48.47,0.00
2025-04-22T23:59:22.685949,48.47,55.30
2025-04-22T23:59:22.786459,48.47,99.60
2025-04-22T23:59:22.887150,48.48,99.60
2025-04-22T23:59:22.992260,48.48,99.70
2025-04-22T23:59:23.097355,48.48,99.70
2025-04-22T23:59:23.200389,48.48,99.70
2025-04-22T23:59:23.303567,48.48,32.90
2025-04-22T23:59:23.406236,48.48,0.00
2025-04-22T23:59:23.512245,48.48,27.10
2025-04-22T23:59:23.617347,48.48,98.90
2025-04-22T23:59:23.722443,48.48,99.70
2025-04-22T23:59:23.827549,48.48,99.70
2025-04-22T23:59:23.932639,48.48,99.60
2025-04-22T23:59:24.037724,48.48,99.60
2025-04-22T23:59:24.142011,48.48,56.70
2025-04-22T23:59:24.242304,48.48,0.00
2025-04-22T23:59:24.342692,48.48,0.00
2025-04-22T23:59:24.443004,48.48,89.00
2025-04-22T23:59:24.543594,48.48,99.70
2025-04-22T23:59:24.643928,48.48,99.70
2025-04-22T23:59:24.749033,48.48,99.70
2025-04-22T23:59:24.854120,48.48,99.60
2025-04-22T23:59:24.955607,48.48,99.60
2025-04-22T23:59:25.060430,48.48,1.10
2025-04-22T23:59:25.160692,48.48,0.50
2025-04-22T23:59:25.262558,48.48,53.10
2025-04-22T23:59:25.367650,48.48,99.60
2025-04-22T23:59:25.472739,48.52,99.70
2025-04-22T23:59:25.577833,48.52,99.70
2025-04-22T23:59:25.680734,48.52,99.70
2025-04-22T23:59:25.781095,48.52,99.80
2025-04-22T23:59:25.881461,48.52,36.40
2025-04-22T23:59:25.986544,48.52,0.00
2025-04-22T23:59:26.091607,48.52,20.90
2025-04-22T23:59:26.196672,48.52,99.70
2025-04-22T23:59:26.299565,49.42,99.70
2025-04-22T23:59:26.404657,48.52,99.70
2025-04-22T23:59:26.509746,48.52,99.70
2025-04-22T23:59:26.614836,48.52,99.70
2025-04-22T23:59:26.719127,48.52,55.60
2025-04-22T23:59:26.824217,48.52,0.00
2025-04-22T23:59:26.929291,48.52,1.10
2025-04-22T23:59:27.033854,48.52,99.70
2025-04-22T23:59:27.135847,48.52,99.80
2025-04-22T23:59:27.240950,48.52,99.70
2025-04-22T23:59:27.346040,48.52,99.70
2025-04-22T23:59:27.451125,48.52,99.60
2025-04-22T23:59:27.553967,48.52,80.50
2025-04-22T23:59:27.655475,48.52,0.10
2025-04-22T23:59:27.761881,48.52,0.00
2025-04-22T23:59:27.866958,48.52,76.10
2025-04-22T23:59:27.967481,48.52,99.70
2025-04-22T23:59:28.072575,48.58,99.70
2025-04-22T23:59:28.177662,48.58,99.80
2025-04-22T23:59:28.282746,48.58,99.70
2025-04-22T23:59:28.387838,48.58,99.70
2025-04-22T23:59:28.490592,48.58,3.10
2025-04-22T23:59:28.595699,48.58,0.00
2025-04-22T23:59:28.700775,48.58,54.10
2025-04-22T23:59:28.805852,48.58,99.70
2025-04-22T23:59:28.908750,48.58,99.80
2025-04-22T23:59:29.013848,48.58,99.80
2025-04-22T23:59:29.118939,48.59,99.70
2025-04-22T23:59:29.224030,48.59,99.80
2025-04-22T23:59:29.326008,48.59,25.00
2025-04-22T23:59:29.427223,48.59,0.00
2025-04-22T23:59:29.531516,48.59,28.70
2025-04-22T23:59:29.636597,48.59,100.00
2025-04-22T23:59:29.741693,49.64,99.80
2025-04-22T23:59:29.845366,49.64,99.50
2025-04-22T23:59:29.948939,49.64,98.90
2025-04-22T23:59:30.051832,49.64,99.70
2025-04-22T23:59:30.156921,49.64,58.30
2025-04-22T23:59:30.262000,49.64,0.00
2025-04-22T23:59:30.365114,49.64,0.00
2025-04-22T23:59:30.470192,49.64,96.80
2025-04-22T23:59:30.575290,49.64,99.70
2025-04-22T23:59:30.680385,49.64,99.70
2025-04-22T23:59:30.782011,49.64,99.60
2025-04-22T23:59:30.885885,49.64,99.70
2025-04-22T23:59:30.986974,49.64,87.70
2025-04-22T23:59:31.092057,49.64,0.00
2025-04-22T23:59:31.197124,49.64,0.10
2025-04-22T23:59:31.299671,49.64,66.00
2025-04-22T23:59:31.400316,49.64,99.60
2025-04-22T23:59:31.501201,49.64,99.70
2025-04-22T23:59:31.603270,49.64,99.60
2025-04-22T23:59:31.708366,49.64,99.70
2025-04-22T23:59:31.813460,49.64,99.80
2025-04-22T23:59:31.918602,49.64,18.30
2025-04-22T23:59:32.019620,49.64,0.00
2025-04-22T23:59:32.119994,49.64,28.00
2025-04-22T23:59:32.220398,49.64,99.70
2025-04-22T23:59:32.325492,49.64,99.70
2025-04-22T23:59:32.430583,49.64,99.70
2025-04-22T23:59:32.535668,49.64,99.60
2025-04-22T23:59:32.638479,49.64,99.80
2025-04-22T23:59:32.738866,49.64,56.80
2025-04-22T23:59:32.843953,49.64,0.00
2025-04-22T23:59:32.949029,49.64,0.00
2025-04-22T23:59:33.053795,49.64,99.50
2025-04-22T23:59:33.158223,49.64,99.80
2025-04-22T23:59:33.263333,49.64,99.80
2025-04-22T23:59:33.368423,49.64,99.60
2025-04-22T23:59:33.473520,49.64,99.60
2025-04-22T23:59:33.578618,49.64,88.30
2025-04-22T23:59:33.683701,49.64,0.10
2025-04-22T23:59:33.788785,49.64,0.00
2025-04-22T23:59:33.892856,49.64,67.90
2025-04-22T23:59:33.997943,49.64,99.70
2025-04-22T23:59:34.103026,49.64,99.70
2025-04-22T23:59:34.208123,49.64,99.60
2025-04-22T23:59:34.313223,49.64,99.60
2025-04-22T23:59:34.418348,49.64,99.60
2025-04-22T23:59:34.522598,49.64,10.90
2025-04-22T23:59:34.627666,49.64,0.00
2025-04-22T23:59:34.728591,49.64,39.80
2025-04-22T23:59:34.829545,49.64,99.80
2025-04-22T23:59:34.934635,49.64,99.10
2025-04-22T23:59:35.037911,49.64,99.20
2025-04-22T23:59:35.143012,49.64,99.70
2025-04-22T23:59:35.246092,49.64,99.90
2025-04-22T23:59:35.348025,49.64,50.30
2025-04-22T23:59:35.453118,49.64,0.00
2025-04-22T23:59:35.558205,49.64,10.60
2025-04-22T23:59:35.663302,49.64,99.80
2025-04-22T23:59:35.766166,49.64,99.70
2025-04-22T23:59:35.871261,49.64,99.70
2025-04-22T23:59:35.976345,49.64,99.70
2025-04-22T23:59:36.081432,49.64,99.80
2025-04-22T23:59:36.183521,49.64,73.10
2025-04-22T23:59:36.288610,49.64,0.00
2025-04-22T23:59:36.392609,49.64,0.00
2025-04-22T23:59:36.497689,49.64,82.60
2025-04-22T23:59:36.602412,49.64,99.70
2025-04-22T23:59:36.707507,49.64,99.80
2025-04-22T23:59:36.812592,49.64,99.60
2025-04-22T23:59:36.917677,49.64,99.70
2025-04-22T23:59:37.019653,49.64,99.40
2025-04-22T23:59:37.120174,49.64,0.00
2025-04-22T23:59:37.221229,49.64,0.00
2025-04-22T23:59:37.326306,49.64,46.50
2025-04-22T23:59:37.428550,49.64,93.70
2025-04-22T23:59:37.529529,49.66,72.90
2025-04-22T23:59:37.652550,49.66,88.30
2025-04-22T23:59:37.756604,49.66,99.70
2025-04-22T23:59:37.857716,49.66,99.80
2025-04-22T23:59:37.958840,49.66,99.60
2025-04-22T23:59:38.059840,49.66,7.60
2025-04-22T23:59:38.160957,49.66,0.10
2025-04-22T23:59:38.266036,49.66,46.10
2025-04-22T23:59:38.371127,49.66,99.70
2025-04-22T23:59:38.476215,49.66,99.70
2025-04-22T23:59:38.581307,49.66,99.70
2025-04-22T23:59:38.686394,49.66,99.80
2025-04-22T23:59:38.791475,49.66,99.70
2025-04-22T23:59:38.892815,49.66,34.70
2025-04-22T23:59:38.994109,49.66,0.10
2025-04-22T23:59:39.099196,49.66,20.00
2025-04-22T23:59:39.204277,49.66,99.80
2025-04-22T23:59:39.309375,49.66,99.60
2025-04-22T23:59:39.412343,49.66,99.60
2025-04-22T23:59:39.512653,49.66,99.60
2025-04-22T23:59:39.612997,49.66,99.70
2025-04-22T23:59:39.714649,49.66,71.90
2025-04-22T23:59:39.819743,49.66,0.00
2025-04-22T23:59:39.924863,49.66,0.00
2025-04-22T23:59:40.029964,49.66,82.70
2025-04-22T23:59:40.135065,49.66,97.50
2025-04-22T23:59:40.238180,49.66,99.70
2025-04-22T23:59:40.343297,49.66,99.60
2025-04-22T23:59:40.447936,49.66,99.60
2025-04-22T23:59:40.551634,49.66,99.70
2025-04-22T23:59:40.656737,49.66,2.60
2025-04-22T23:59:40.756988,49.34,0.00
2025-04-22T23:59:40.862094,49.22,48.50
2025-04-22T23:59:40.966357,49.22,40.00
2025-04-22T23:59:41.070959,30.72,33.30
2025-04-22T23:59:41.177150,27.27,65.80
2025-04-22T23:59:41.282256,27.09,37.50
2025-04-22T23:59:41.388451,27.12,47.20
2025-04-22T23:59:41.492369,26.64,92.00
2025-04-22T23:59:41.594308,27.39,96.10
2025-04-22T23:59:41.699409,29.47,95.80
2025-04-22T23:59:41.803204,31.44,94.90
2025-04-22T23:59:41.908317,33.33,12.00
2025-04-22T23:59:42.013457,33.47,0.10
2025-04-22T23:59:42.118633,33.47,49.10
2025-04-22T23:59:42.223745,33.69,99.60
2025-04-22T23:59:42.328837,33.84,99.70
2025-04-22T23:59:42.433922,33.86,99.60
2025-04-22T23:59:42.539019,33.86,99.30
2025-04-22T23:59:42.640326,33.86,99.40
2025-04-22T23:59:42.740641,33.84,31.00
2025-04-22T23:59:42.845744,33.84,0.00
2025-04-22T23:59:42.950845,33.84,24.90
2025-04-22T23:59:43.055946,33.84,99.60
2025-04-22T23:59:43.161045,33.95,99.20
2025-04-22T23:59:43.266146,34.05,99.60
2025-04-22T23:59:43.371245,34.05,99.70
2025-04-22T23:59:43.476344,34.05,99.50
2025-04-22T23:59:43.576904,34.05,52.00
2025-04-22T23:59:43.677291,34.05,0.10
2025-04-22T23:59:43.777603,34.05,0.00
2025-04-22T23:59:43.879926,34.05,95.10
2025-04-22T23:59:43.985024,34.05,99.70
2025-04-22T23:59:44.090125,34.16,99.80
2025-04-22T23:59:44.195211,34.16,99.10
2025-04-22T23:59:44.295475,34.16,99.70
2025-04-22T23:59:44.399726,34.16,84.40
2025-04-22T23:59:44.502118,34.12,5.50
2025-04-22T23:59:44.603095,34.12,0.00
2025-04-22T23:59:44.708181,34.12,48.00
2025-04-22T23:59:44.813292,34.12,99.40
2025-04-22T23:59:44.913673,43.78,99.70
2025-04-22T23:59:45.014312,49.20,99.30
2025-04-22T23:59:45.119464,49.20,99.70
2025-04-22T23:59:45.224550,49.20,99.70
2025-04-22T23:59:45.329642,49.20,45.60
2025-04-22T23:59:45.433403,49.20,0.40
2025-04-22T23:59:45.533756,49.19,2.20
2025-04-22T23:59:45.634178,49.19,99.70
2025-04-22T23:59:45.739272,49.19,99.60
2025-04-22T23:59:45.844373,49.20,98.10
2025-04-22T23:59:45.945902,49.20,98.80
2025-04-22T23:59:46.051022,49.20,99.70
2025-04-22T23:59:46.156125,49.20,77.00
2025-04-22T23:59:46.261211,49.20,0.00
2025-04-22T23:59:46.366297,49.20,0.00
2025-04-22T23:59:46.470369,49.20,78.00
2025-04-22T23:59:46.570763,49.25,99.70
2025-04-22T23:59:46.675862,49.28,97.50
2025-04-22T23:59:46.780954,49.28,99.80
2025-04-22T23:59:46.886044,49.28,99.30
2025-04-22T23:59:46.991139,49.28,97.80
2025-04-22T23:59:47.096231,49.28,0.10
2025-04-22T23:59:47.201363,49.23,0.10
2025-04-22T23:59:47.301891,49.23,54.50
2025-04-22T23:59:47.407038,49.23,99.70
2025-04-22T23:59:47.512181,49.23,99.60
2025-04-22T23:59:47.617277,49.25,99.70
2025-04-22T23:59:47.722385,49.25,99.70
2025-04-22T23:59:47.824416,49.25,99.70
2025-04-22T23:59:47.925501,49.25,21.40
2025-04-22T23:59:48.030576,49.25,0.00
2025-04-22T23:59:48.135638,49.25,35.60
2025-04-22T23:59:48.240707,49.25,99.70
2025-04-22T23:59:48.343679,49.33,97.90
2025-04-22T23:59:48.448776,49.34,99.40
2025-04-22T23:59:48.553877,49.34,99.70
2025-04-22T23:59:48.656352,49.34,99.80
2025-04-22T23:59:48.761502,49.34,44.20
2025-04-22T23:59:48.862103,49.34,0.00
2025-04-22T23:59:48.966675,49.34,10.00
2025-04-22T23:59:49.072135,49.34,99.50
2025-04-22T23:59:49.177234,49.34,99.50
2025-04-22T23:59:49.279586,49.34,99.60
2025-04-22T23:59:49.380618,49.34,99.70
2025-04-22T23:59:49.484595,49.34,99.50
2025-04-22T23:59:49.589724,49.34,71.70
2025-04-22T23:59:49.694818,49.31,0.60
2025-04-22T23:59:49.798728,49.34,0.00
2025-04-22T23:59:49.899078,49.34,76.70
2025-04-22T23:59:50.002986,49.38,98.10
2025-04-22T23:59:50.104906,49.36,99.40
2025-04-22T23:59:50.209998,49.36,99.80
2025-04-22T23:59:50.315092,49.36,99.70
2025-04-22T23:59:50.420182,49.36,99.40
2025-04-22T23:59:50.525277,49.36,0.80
2025-04-22T23:59:50.630346,49.36,0.10
2025-04-22T23:59:50.735431,49.36,54.40
2025-04-22T23:59:50.835695,49.36,99.80
2025-04-22T23:59:50.936149,49.42,99.70
2025-04-22T23:59:51.041252,49.42,99.60
2025-04-22T23:59:51.146341,49.42,96.20
2025-04-22T23:59:51.251494,49.42,94.20
2025-04-22T23:59:51.353486,49.42,57.70
2025-04-22T23:59:51.455684,49.42,0.00
2025-04-22T23:59:51.558260,49.41,0.00
2025-04-22T23:59:51.663361,49.41,90.90
2025-04-22T23:59:51.768458,49.42,98.80
2025-04-22T23:59:51.873614,49.44,98.70
2025-04-22T23:59:51.978786,49.45,98.50
2025-04-22T23:59:52.083893,49.45,98.70
2025-04-22T23:59:52.189012,49.45,98.40
2025-04-22T23:59:52.294127,49.45,98.60
2025-04-22T23:59:52.399235,49.45,15.50
2025-04-22T23:59:52.504643,49.36,0.00
2025-04-22T23:59:52.610496,49.36,36.60
2025-04-22T23:59:52.727504,49.39,79.60
2025-04-22T23:59:52.830529,49.42,92.50
2025-04-22T23:59:52.935668,49.34,91.20
2025-04-22T23:59:53.040798,49.44,98.10
2025-04-22T23:59:53.145920,49.44,98.70
2025-04-22T23:59:53.251051,49.44,98.50
2025-04-22T23:59:53.356177,49.44,98.90
2025-04-22T23:59:53.461335,49.44,98.50
2025-04-22T23:59:53.562056,49.44,38.20
2025-04-22T23:59:53.665771,49.44,0.10
2025-04-22T23:59:53.770876,49.44,17.60
2025-04-22T23:59:53.875970,49.44,98.70
2025-04-22T23:59:53.981102,49.44,98.50
2025-04-22T23:59:54.082258,49.55,98.90
2025-04-22T23:59:54.183563,49.55,98.90
2025-04-22T23:59:54.288661,49.55,98.90
2025-04-22T23:59:54.393183,49.55,98.40
2025-04-22T23:59:54.497980,49.55,97.90
2025-04-22T23:59:54.599138,49.55,0.00
2025-04-22T23:59:54.702170,49.55,0.20
2025-04-22T23:59:54.802474,49.55,49.50
2025-04-22T23:59:54.905914,49.55,98.70
2025-04-22T23:59:55.011031,49.50,90.80
2025-04-22T23:59:55.116159,49.59,65.70
2025-04-22T23:59:55.224479,49.59,46.70
2025-04-22T23:59:55.325560,49.56,87.20
2025-04-22T23:59:55.426534,49.56,95.30
2025-04-22T23:59:55.528566,49.56,98.20
2025-04-22T23:59:55.633689,49.56,97.60
2025-04-22T23:59:55.738835,49.56,98.20
2025-04-22T23:59:55.843955,49.56,57.90
2025-04-22T23:59:55.949077,49.56,0.00
2025-04-22T23:59:56.053324,49.56,0.00
2025-04-22T23:59:56.154499,49.56,93.10
2025-04-22T23:59:56.254818,49.56,100.00
2025-04-22T23:59:56.355105,49.56,99.60
2025-04-22T23:59:56.455486,49.56,99.60
2025-04-22T23:59:56.560587,49.56,99.70
2025-04-22T23:59:56.665667,49.56,99.60
2025-04-22T23:59:56.770760,49.56,14.90
2025-04-22T23:59:56.872744,49.56,0.00
2025-04-22T23:59:56.977820,49.56,39.70
2025-04-22T23:59:57.082891,49.47,99.70
2025-04-22T23:59:57.187982,49.52,99.80
2025-04-22T23:59:57.293089,49.56,99.60
2025-04-22T23:59:57.398182,49.56,81.00
2025-04-22T23:59:57.503338,49.56,41.50
2025-04-22T23:59:57.608446,49.56,99.20
2025-04-22T23:59:57.713562,49.56,54.30
2025-04-22T23:59:57.818665,49.56,0.00
2025-04-22T23:59:57.923525,49.56,1.40
2025-04-22T23:59:58.027717,49.56,99.60
2025-04-22T23:59:58.132824,49.56,99.80
2025-04-22T23:59:58.237916,49.58,99.70
2025-04-22T23:59:58.343006,49.58,87.70
2025-04-22T23:59:58.445893,49.47,87.10
2025-04-22T23:59:58.550612,49.39,93.70
2025-04-22T23:59:58.655754,49.39,48.20
2025-04-22T23:59:58.756361,48.39,0.00
2025-04-22T23:59:58.861459,48.39,4.60
2025-04-22T23:59:58.964455,48.41,99.30
2025-04-22T23:59:59.064671,48.41,99.50
2025-04-22T23:59:59.166352,48.44,99.70
2025-04-22T23:59:59.271456,48.44,99.70
2025-04-22T23:59:59.376559,48.44,99.50
2025-04-22T23:59:59.481648,47.19,76.10
2025-04-22T23:59:59.583094,47.19,0.00
2025-04-22T23:59:59.683436,47.19,1.00
2025-04-22T23:59:59.783785,48.41,70.80
2025-04-22T23:59:59.888878,48.41,99.70
2025-04-22T23:59:59.992168,48.42,35.10
2025-04-23T00:00:00.092634,48.23,67.50
2025-04-23T00:00:00.192987,46.59,94.70
2025-04-23T00:00:00.296076,46.59,63.70
2025-04-23T00:00:00.424651,46.61,56.30
2025-04-23T00:00:00.530661,46.73,56.40
2025-04-23T00:00:00.634288,46.81,92.70
2025-04-23T00:00:00.737315,46.64,98.60
2025-04-23T00:00:00.838290,46.22,72.70
2025-04-23T00:00:00.938747,47.33,0.00
2025-04-23T00:00:01.039567,47.23,0.00
2025-04-23T00:00:01.144682,47.22,78.20
2025-04-23T00:00:01.249774,47.59,99.60
2025-04-23T00:00:01.354890,47.77,98.90
2025-04-23T00:00:01.457967,47.77,86.60
2025-04-23T00:00:01.559318,47.72,97.00
2025-04-23T00:00:01.664457,47.72,99.20
2025-04-23T00:00:01.768600,47.72,99.70
2025-04-23T00:00:01.873708,47.72,48.50
2025-04-23T00:00:01.974872,47.72,0.00
2025-04-23T00:00:02.079649,47.72,6.50
2025-04-23T00:00:02.183961,37.38,93.90
2025-04-23T00:00:02.289183,37.47,93.90
2025-04-23T00:00:02.483271,31.52,1.80
2025-04-23T00:00:02.609119,21.70,6.50
2025-04-23T00:00:02.722062,21.62,1.60
2025-04-23T00:00:02.844357,16.88,37.70
2025-04-23T00:00:02.951556,14.55,75.30
2025-04-23T00:00:03.053845,14.95,32.40
2025-04-23T00:00:03.154847,15.12,72.50
2025-04-23T00:00:03.255223,19.94,86.40
2025-04-23T00:00:03.358529,22.78,88.30
2025-04-23T00:00:03.459032,24.16,86.00
2025-04-23T00:00:03.564174,25.81,87.00
2025-04-23T00:00:03.668150,26.83,73.90
2025-04-23T00:00:03.772396,27.66,96.20
2025-04-23T00:00:03.877540,28.84,95.20
2025-04-23T00:00:03.982670,30.36,15.00
2025-04-23T00:00:04.085892,30.67,0.00
2025-04-23T00:00:04.190996,30.67,43.30
2025-04-23T00:00:04.296091,31.00,99.50
2025-04-23T00:00:04.400074,31.20,99.00
2025-04-23T00:00:04.505181,31.27,99.60
2025-04-23T00:00:04.610302,31.27,99.40
2025-04-23T00:00:04.715389,31.25,99.70
2025-04-23T00:00:04.820490,31.25,32.90
2025-04-23T00:00:04.925576,31.25,0.00
2025-04-23T00:00:05.027903,31.25,20.60
2025-04-23T00:00:05.129883,31.25,38.20
2025-04-23T00:00:05.252124,31.27,74.00
2025-04-23T00:00:05.357244,31.28,98.90
2025-04-23T00:00:05.460877,31.38,99.20
2025-04-23T00:00:05.561173,31.39,99.50
2025-04-23T00:00:05.666288,31.39,99.80
2025-04-23T00:00:05.771394,31.39,99.90
2025-04-23T00:00:05.875210,33.00,99.70
2025-04-23T00:00:05.980301,33.00,9.90
2025-04-23T00:00:06.085388,33.00,0.00
2025-04-23T00:00:06.189612,33.00,50.40
2025-04-23T00:00:06.294699,33.02,98.50
2025-04-23T00:00:06.400693,33.14,98.10
2025-04-23T00:00:06.500876,33.20,98.40
2025-04-23T00:00:06.605981,33.20,99.60
2025-04-23T00:00:06.707426,33.20,99.60
2025-04-23T00:00:06.807817,33.20,46.90
2025-04-23T00:00:06.912920,33.20,0.00
2025-04-23T00:00:07.018001,33.20,10.10
2025-04-23T00:00:07.123094,33.20,99.70
2025-04-23T00:00:07.226660,33.20,99.80
2025-04-23T00:00:07.326978,33.33,99.60
2025-04-23T00:00:07.432097,33.33,96.10
2025-04-23T00:00:07.537197,33.33,99.70
2025-04-23T00:00:07.642297,33.33,84.40
2025-04-23T00:00:07.745117,33.33,0.10
2025-04-23T00:00:07.848613,33.33,0.00
2025-04-23T00:00:07.953693,33.33,70.30
2025-04-23T00:00:08.058781,33.41,99.70
2025-04-23T00:00:08.162548,33.44,99.60
2025-04-23T00:00:08.263681,33.44,99.80
2025-04-23T00:00:08.363960,33.44,99.60
2025-04-23T00:00:08.464317,33.44,99.70
2025-04-23T00:00:08.569436,33.44,14.70
2025-04-23T00:00:08.674521,33.44,0.00
2025-04-23T00:00:08.777376,33.44,27.70
2025-04-23T00:00:08.884337,33.44,38.10
2025-04-23T00:00:08.985333,33.47,98.30
2025-04-23T00:00:09.090675,33.47,39.30
2025-04-23T00:00:09.190975,33.47,95.70
2025-04-23T00:00:09.296081,33.47,98.70
2025-04-23T00:00:09.401440,33.47,97.60
2025-04-23T00:00:09.506834,33.47,99.60
2025-04-23T00:00:09.611923,33.47,10.00
2025-04-23T00:00:09.717025,33.47,0.70
2025-04-23T00:00:09.819034,33.78,44.20
2025-04-23T00:00:09.919397,33.78,99.70
2025-04-23T00:00:10.024519,33.78,99.70
2025-04-23T00:00:10.129622,33.78,99.30
2025-04-23T00:00:10.234722,33.78,99.70
2025-04-23T00:00:10.339826,33.78,99.70
2025-04-23T00:00:10.444919,33.78,27.60
2025-04-23T00:00:10.550856,33.78,0.00
2025-04-23T00:00:10.655301,33.78,31.40
2025-04-23T00:00:10.757113,33.78,99.80
2025-04-23T00:00:10.857569,33.78,99.70
2025-04-23T00:00:10.959273,33.78,99.70
2025-04-23T00:00:11.064369,33.78,99.70
2025-04-23T00:00:11.169470,33.78,99.70
2025-04-23T00:00:11.274193,33.78,45.20
2025-04-23T00:00:11.379288,33.78,0.00
2025-04-23T00:00:11.484361,33.78,14.50
2025-04-23T00:00:11.589440,33.78,99.60
2025-04-23T00:00:11.692368,48.17,99.70
2025-04-23T00:00:11.797469,48.16,99.70
2025-04-23T00:00:11.899273,48.16,99.80
2025-04-23T00:00:12.004355,48.16,99.80
2025-04-23T00:00:12.109443,48.16,82.30
2025-04-23T00:00:12.210788,48.16,0.10
2025-04-23T00:00:12.315872,48.16,0.10
2025-04-23T00:00:12.420947,48.16,77.00
2025-04-23T00:00:12.526036,48.16,99.60
2025-04-23T00:00:12.628224,48.25,99.70
2025-04-23T00:00:12.728619,48.25,99.70
2025-04-23T00:00:12.829652,48.25,99.70
2025-04-23T00:00:12.929977,48.25,49.20
2025-04-23T00:00:13.035144,48.25,64.80
2025-04-23T00:00:13.137862,48.25,0.00
2025-04-23T00:00:13.242947,48.25,0.10
2025-04-23T00:00:13.348113,48.25,91.10
2025-04-23T00:00:13.451605,48.25,99.70
2025-04-23T00:00:13.556701,48.27,99.50
2025-04-23T00:00:13.661795,48.27,99.30
2025-04-23T00:00:13.766267,48.27,99.70
2025-04-23T00:00:13.871367,48.27,82.00
2025-04-23T00:00:13.976457,48.27,0.00
2025-04-23T00:00:14.081547,48.27,0.00
2025-04-23T00:00:14.185351,48.27,73.60
2025-04-23T00:00:14.290447,48.27,99.70
2025-04-23T00:00:14.392930,48.27,99.70
2025-04-23T00:00:14.498020,48.27,99.80
2025-04-23T00:00:14.603114,48.27,99.50
2025-04-23T00:00:14.708216,48.27,98.80
2025-04-23T00:00:14.813301,48.27,0.00
2025-04-23T00:00:14.918383,48.27,0.00
2025-04-23T00:00:15.020658,48.27,53.40
2025-04-23T00:00:15.121077,48.30,98.80
2025-04-23T00:00:15.223400,48.31,96.10
2025-04-23T00:00:15.328535,48.33,98.60
2025-04-23T00:00:15.433646,48.33,99.50
2025-04-23T00:00:15.538751,48.33,97.20
2025-04-23T00:00:15.643849,48.33,43.10
2025-04-23T00:00:15.748942,48.33,0.10
2025-04-23T00:00:15.853159,48.33,11.40
2025-04-23T00:00:15.955360,48.33,99.70
2025-04-23T00:00:16.057687,48.33,99.60
2025-04-23T00:00:16.162794,48.34,98.10
2025-04-23T00:00:16.267890,48.34,98.70
2025-04-23T00:00:16.368628,48.34,94.60
2025-04-23T00:00:16.473735,48.34,92.70
2025-04-23T00:00:16.576177,48.28,9.00
2025-04-23T00:00:16.681286,48.28,0.10
2025-04-23T00:00:16.785402,48.28,2.60
2025-04-23T00:00:16.887756,48.19,6.80
2025-04-23T00:00:16.996730,46.25,5.50
2025-04-23T00:00:17.102078,46.12,8.60
2025-04-23T00:00:17.209547,44.53,37.00
2025-04-23T00:00:17.314695,29.58,0.80
2025-04-23T00:00:17.456824,17.27,0.10
2025-04-23T00:00:17.674418,13.22,0.50
2025-04-23T00:00:17.873589,9.64,0.40
2025-04-23T00:00:17.988014,9.72,0.10
2025-04-23T00:00:18.098933,9.72,2.20
2025-04-23T00:00:18.246929,10.25,17.70
2025-04-23T00:00:18.352750,9.81,59.30
2025-04-23T00:00:18.459159,12.22,81.70
2025-04-23T00:00:18.564389,14.20,34.50
2025-04-23T00:00:18.667066,14.81,50.40
2025-04-23T00:00:18.772347,14.84,95.20
2025-04-23T00:00:18.877530,20.97,97.00
2025-04-23T00:00:18.981409,24.53,96.80
2025-04-23T00:00:19.084023,26.66,98.80
2025-04-23T00:00:19.186623,28.58,99.50
2025-04-23T00:00:19.287057,30.25,47.50
2025-04-23T00:00:19.392156,31.06,0.10
2025-04-23T00:00:19.497258,31.06,9.60
2025-04-23T00:00:19.602099,31.28,98.50
2025-04-23T00:00:19.705927,31.38,99.90
2025-04-23T00:00:19.806420,33.22,85.80
2025-04-23T00:00:19.911648,33.22,99.40
2025-04-23T00:00:20.016784,33.22,99.70
2025-04-23T00:00:20.117886,33.22,99.60
2025-04-23T00:00:20.222278,33.22,51.70
2025-04-23T00:00:20.327192,33.22,0.00
2025-04-23T00:00:20.432277,33.22,5.00
2025-04-23T00:00:20.537354,33.22,99.70
2025-04-23T00:00:20.642446,33.30,98.20
2025-04-23T00:00:20.747549,33.31,99.80
2025-04-23T00:00:20.852648,33.33,98.30
2025-04-23T00:00:20.957748,33.33,99.60
2025-04-23T00:00:21.058560,33.33,85.50
2025-04-23T00:00:21.158865,33.33,0.00
2025-04-23T00:00:21.259203,33.33,0.00
2025-04-23T00:00:21.359580,33.33,60.00
2025-04-23T00:00:21.459957,33.33,99.70
2025-04-23T00:00:21.565069,33.36,99.60
2025-04-23T00:00:21.670165,33.38,99.70
2025-04-23T00:00:21.773019,33.38,99.70
2025-04-23T00:00:21.878128,33.38,99.70
2025-04-23T00:00:21.983231,33.38,20.70
2025-04-23T00:00:22.088326,33.38,0.00
2025-04-23T00:00:22.193405,33.38,36.50
2025-04-23T00:00:22.298493,33.38,99.70
2025-04-23T00:00:22.403582,33.41,99.80
2025-04-23T00:00:22.508669,33.41,99.60
2025-04-23T00:00:22.613777,33.41,99.70
2025-04-23T00:00:22.718869,33.41,99.70
2025-04-23T00:00:22.819798,33.41,43.90
2025-04-23T00:00:22.924892,33.41,0.00
2025-04-23T00:00:23.028968,33.41,11.00
2025-04-23T00:00:23.132537,33.41,99.70
2025-04-23T00:00:23.233905,33.41,99.80
2025-04-23T00:00:23.339011,33.41,99.40
2025-04-23T00:00:23.444109,33.41,99.20
2025-04-23T00:00:23.549214,33.41,99.40
2025-04-23T00:00:23.654303,33.41,69.00
2025-04-23T00:00:23.759390,33.41,0.10
2025-04-23T00:00:23.864467,33.41,0.00
2025-04-23T00:00:23.967822,33.41,85.80
2025-04-23T00:00:24.069148,33.41,99.60
2025-04-23T00:00:24.174260,33.50,99.80
2025-04-23T00:00:24.279350,33.50,99.80
2025-04-23T00:00:24.384441,33.50,99.70
2025-04-23T00:00:24.488354,33.50,91.50
2025-04-23T00:00:24.593446,33.50,0.00
2025-04-23T00:00:24.698521,33.50,0.10
2025-04-23T00:00:24.803592,33.50,65.60
2025-04-23T00:00:24.905406,33.50,99.70
2025-04-23T00:00:25.010502,48.19,99.70
2025-04-23T00:00:25.115594,48.19,99.70
2025-04-23T00:00:25.220680,48.19,99.80
2025-04-23T00:00:25.322915,48.19,99.60
2025-04-23T00:00:25.423885,48.19,35.80
2025-04-23T00:00:25.526954,48.19,0.00
2025-04-23T00:00:25.631406,48.19,18.80
2025-04-23T00:00:25.735763,48.19,99.80
2025-04-23T00:00:25.840857,48.84,99.70
2025-04-23T00:00:25.941841,48.19,99.70
2025-04-23T00:00:26.045007,48.19,99.70
2025-04-23T00:00:26.150103,48.19,99.80
2025-04-23T00:00:26.255198,48.20,63.60
2025-04-23T00:00:26.357338,48.20,0.10
2025-04-23T00:00:26.462430,48.20,0.00
2025-04-23T00:00:26.567508,48.20,92.40
2025-04-23T00:00:26.672593,48.20,99.80
2025-04-23T00:00:26.774263,48.28,99.70
2025-04-23T00:00:26.877199,48.28,99.80
2025-04-23T00:00:26.982302,48.28,99.80
2025-04-23T00:00:27.087391,48.28,92.10
2025-04-23T00:00:27.192476,48.28,0.10
2025-04-23T00:00:27.297077,48.28,0.00
2025-04-23T00:00:27.402146,48.28,64.10
2025-04-23T00:00:27.507237,48.28,99.70
2025-04-23T00:00:27.612331,48.36,99.60
2025-04-23T00:00:27.715409,48.36,99.70
2025-04-23T00:00:27.815577,48.36,99.70
2025-04-23T00:00:27.915969,48.36,99.70
2025-04-23T00:00:28.021080,48.36,23.80
2025-04-23T00:00:28.126169,48.36,0.00
2025-04-23T00:00:28.231250,48.36,34.00
2025-04-23T00:00:28.336319,48.36,99.70
2025-04-23T00:00:28.441412,48.42,99.50
2025-04-23T00:00:28.546501,48.42,99.70
2025-04-23T00:00:28.647442,48.42,99.60
2025-04-23T00:00:28.751397,48.42,99.70
2025-04-23T00:00:28.856491,48.42,45.50
2025-04-23T00:00:28.961573,48.42,0.00
2025-04-23T00:00:29.066647,48.42,15.50
2025-04-23T00:00:29.171781,48.42,98.80
2025-04-23T00:00:29.276915,48.42,99.50
2025-04-23T00:00:29.382010,48.42,99.60
2025-04-23T00:00:29.487102,48.42,99.00
2025-04-23T00:00:29.588518,48.42,99.00
2025-04-23T00:00:29.693623,48.42,98.80
2025-04-23T00:00:29.798736,48.42,28.60
2025-04-23T00:00:29.903842,48.42,0.00
2025-04-23T00:00:30.008940,48.42,25.10
2025-04-23T00:00:30.109467,48.42,99.70
2025-04-23T00:00:30.214807,48.42,99.70
2025-04-23T00:00:30.319893,48.48,98.50
2025-04-23T00:00:30.424827,48.48,99.40
2025-04-23T00:00:30.529938,48.48,99.70
2025-04-23T00:00:30.635049,48.48,75.30
2025-04-23T00:00:30.740384,48.48,5.10
2025-04-23T00:00:30.862213,48.48,67.60
2025-04-23T00:00:30.963326,48.48,38.90
2025-04-23T00:00:31.068082,48.48,0.00
2025-04-23T00:00:31.173203,48.48,17.70
2025-04-23T00:00:31.278301,48.48,98.40
2025-04-23T00:00:31.383406,48.48,99.80
2025-04-23T00:00:31.488501,48.55,99.60
2025-04-23T00:00:31.593602,48.55,99.60
2025-04-23T00:00:31.695873,48.55,99.70
2025-04-23T00:00:31.796287,48.55,99.60
2025-04-23T00:00:31.898325,48.55,26.60
2025-04-23T00:00:31.999784,48.55,0.00
2025-04-23T00:00:32.104878,48.55,28.00
2025-04-23T00:00:32.209972,48.55,99.70
2025-04-23T00:00:32.315491,48.55,99.70
2025-04-23T00:00:32.420591,48.55,99.90
2025-04-23T00:00:32.525686,48.55,99.60
2025-04-23T00:00:32.630784,48.55,99.50
2025-04-23T00:00:32.732869,48.55,64.60
2025-04-23T00:00:32.833223,48.55,0.00
2025-04-23T00:00:32.933589,48.55,0.00
2025-04-23T00:00:33.038679,48.55,86.10
2025-04-23T00:00:33.143764,48.55,99.20
2025-04-23T00:00:33.248846,48.55,99.70
2025-04-23T00:00:33.353944,48.55,99.70
2025-04-23T00:00:33.459037,48.55,99.60
2025-04-23T00:00:33.564125,48.55,81.10
2025-04-23T00:00:33.669212,48.50,0.00
2025-04-23T00:00:33.769821,48.50,0.10
2025-04-23T00:00:33.870162,48.50,68.10
2025-04-23T00:00:33.975258,48.42,99.70
2025-04-23T00:00:34.080354,48.44,99.70
2025-04-23T00:00:34.185442,48.44,99.70
2025-04-23T00:00:34.290526,48.44,99.80
2025-04-23T00:00:34.395615,48.44,99.70
2025-04-23T00:00:34.500617,48.42,0.00
2025-04-23T00:00:34.605701,48.42,0.00
2025-04-23T00:00:34.706438,48.42,53.10
2025-04-23T00:00:34.811541,48.42,99.70
2025-04-23T00:00:34.916626,48.42,99.70
2025-04-23T00:00:35.021720,48.44,99.70
2025-04-23T00:00:35.124121,48.44,99.70
2025-04-23T00:00:35.224325,48.44,99.60
2025-04-23T00:00:35.324540,48.44,36.10
2025-04-23T00:00:35.429721,48.44,0.00
2025-04-23T00:00:35.534883,48.44,0.00
2025-04-23T00:00:35.639998,48.44,72.20
2025-04-23T00:00:35.742050,48.44,99.80
2025-04-23T00:00:35.847144,48.44,99.70
2025-04-23T00:00:35.951518,48.41,99.70
2025-04-23T00:00:36.056609,48.41,99.70
2025-04-23T00:00:36.161707,48.41,99.40
2025-04-23T00:00:36.266803,48.41,0.30
2025-04-23T00:00:36.371891,48.41,0.20
2025-04-23T00:00:36.472577,48.39,53.60
2025-04-23T00:00:36.577669,48.41,99.70
2025-04-23T00:00:36.680048,48.47,99.60
2025-04-23T00:00:36.785155,48.47,99.80
2025-04-23T00:00:36.886989,48.47,99.80
2025-04-23T00:00:36.992077,48.47,99.80
2025-04-23T00:00:37.097168,48.47,40.20
2025-04-23T00:00:37.198523,48.47,0.00
2025-04-23T00:00:37.303596,48.47,18.30
2025-04-23T00:00:37.408676,48.47,99.30
2025-04-23T00:00:37.513803,49.30,99.80
2025-04-23T00:00:37.615254,48.38,99.60
2025-04-23T00:00:37.716718,48.38,99.50
2025-04-23T00:00:37.818426,48.38,99.80
2025-04-23T00:00:37.923574,48.38,61.80
2025-04-23T00:00:38.028666,48.38,0.00
2025-04-23T00:00:38.133745,48.38,0.00
2025-04-23T00:00:38.238791,48.38,95.00
2025-04-23T00:00:38.343878,48.38,99.70
2025-04-23T00:00:38.448962,48.44,99.80
2025-04-23T00:00:38.554149,48.44,99.80
2025-04-23T00:00:38.659358,48.44,99.70
2025-04-23T00:00:38.764449,48.44,71.30
2025-04-23T00:00:38.869537,48.44,0.00
2025-04-23T00:00:38.971482,48.44,0.00
2025-04-23T00:00:39.076557,48.44,82.70
2025-04-23T00:00:39.181630,48.45,99.70
2025-04-23T00:00:39.286720,48.47,99.80
2025-04-23T00:00:39.389632,48.47,99.70
2025-04-23T00:00:39.490947,48.47,99.00
2025-04-23T00:00:39.596040,48.47,91.90
2025-04-23T00:00:39.701131,48.47,0.60
2025-04-23T00:00:39.806212,48.50,0.00
2025-04-23T00:00:39.908031,48.50,61.90
2025-04-23T00:00:40.013126,48.50,99.70
2025-04-23T00:00:40.118229,48.50,99.70
2025-04-23T00:00:40.223352,48.50,99.60
2025-04-23T00:00:40.328444,48.50,99.70
2025-04-23T00:00:40.433532,48.50,98.80
2025-04-23T00:00:40.538131,48.50,11.10
2025-04-23T00:00:40.643219,48.50,0.00
2025-04-23T00:00:40.748317,48.50,46.10
2025-04-23T00:00:40.853406,48.50,99.80
2025-04-23T00:00:40.958502,48.50,99.80
2025-04-23T00:00:41.059887,48.50,61.70
2025-04-23T00:00:41.217730,48.50,94.00
2025-04-23T00:00:41.322624,48.50,98.20
2025-04-23T00:00:41.427729,48.50,94.30
2025-04-23T00:00:41.530203,48.48,11.40
2025-04-23T00:00:41.630777,48.48,0.00
2025-04-23T00:00:41.735428,48.48,41.70
2025-04-23T00:00:41.840537,48.48,99.70
2025-04-23T00:00:41.945644,48.48,99.60
2025-04-23T00:00:42.047838,48.48,99.70
2025-04-23T00:00:42.152232,48.48,99.60
2025-04-23T00:00:42.257319,48.48,99.70
2025-04-23T00:00:42.362414,48.48,31.00
2025-04-23T00:00:42.467507,48.48,0.00
2025-04-23T00:00:42.568704,48.48,19.50
2025-04-23T00:00:42.669966,48.48,99.30
2025-04-23T00:00:42.771756,48.52,99.80
2025-04-23T00:00:42.876853,49.48,99.50
2025-04-23T00:00:42.981942,49.48,99.70
2025-04-23T00:00:43.085892,49.48,99.60
2025-04-23T00:00:43.187904,49.48,63.60
2025-04-23T00:00:43.288189,49.48,0.00
2025-04-23T00:00:43.393269,49.48,0.00
2025-04-23T00:00:43.496339,49.48,92.50
2025-04-23T00:00:43.601435,49.48,99.60
2025-04-23T00:00:43.705040,49.52,99.70
2025-04-23T00:00:43.810122,49.52,99.70
2025-04-23T00:00:43.915202,49.52,99.80
2025-04-23T00:00:44.020282,49.52,77.50
2025-04-23T00:00:44.122852,49.52,0.00
2025-04-23T00:00:44.227944,39.41,0.10
2025-04-23T00:00:44.333031,39.41,78.30
2025-04-23T00:00:44.437143,34.78,99.70
2025-04-23T00:00:44.541366,34.78,99.50
2025-04-23T00:00:44.646475,34.77,99.80
2025-04-23T00:00:44.751576,34.77,99.70
2025-04-23T00:00:44.854317,34.77,96.10
2025-04-23T00:00:44.959134,34.77,0.00
2025-04-23T00:00:45.064215,34.77,0.00
2025-04-23T00:00:45.169282,34.77,62.30
2025-04-23T00:00:45.274362,34.70,99.50
2025-04-23T00:00:45.377299,34.70,99.70
2025-04-23T00:00:45.479576,34.70,99.60
2025-04-23T00:00:45.584668,34.70,99.70
2025-04-23T00:00:45.689957,34.70,99.40
2025-04-23T00:00:45.795067,34.70,13.40
2025-04-23T00:00:45.900150,33.70,0.00
2025-04-23T00:00:46.005229,33.70,43.80
2025-04-23T00:00:46.110308,33.70,99.40
2025-04-23T00:00:46.215403,33.69,99.80
2025-04-23T00:00:46.320500,33.69,99.50
2025-04-23T00:00:46.425598,33.69,99.90
2025-04-23T00:00:46.530695,33.95,99.70
2025-04-23T00:00:46.631650,34.02,33.00
2025-04-23T00:00:46.736737,34.02,0.10
2025-04-23T00:00:46.841814,34.02,24.20
2025-04-23T00:00:46.946892,34.02,97.70
2025-04-23T00:00:47.049859,34.95,98.90
2025-04-23T00:00:47.151189,34.05,99.40
2025-04-23T00:00:47.254198,34.05,99.90
2025-04-23T00:00:47.359289,34.05,99.60
2025-04-23T00:00:47.464386,34.05,72.40
2025-04-23T00:00:47.567617,34.05,0.00
2025-04-23T00:00:47.668058,34.05,0.00
2025-04-23T00:00:47.773158,34.05,78.70
2025-04-23T00:00:47.874217,34.05,99.70
2025-04-23T00:00:47.979315,34.11,99.70
2025-04-23T00:00:48.084419,34.11,99.60
2025-04-23T00:00:48.189509,34.11,99.80
2025-04-23T00:00:48.292180,34.11,97.60
2025-04-23T00:00:48.393232,34.11,0.00
2025-04-23T00:00:48.498304,34.11,0.00
2025-04-23T00:00:48.603359,34.11,62.60
2025-04-23T00:00:48.708453,48.44,99.80
2025-04-23T00:00:48.813543,48.42,99.80
2025-04-23T00:00:48.918641,48.42,99.70
2025-04-23T00:00:49.021197,48.42,99.70
2025-04-23T00:00:49.123436,48.42,99.60
2025-04-23T00:00:49.224116,48.42,33.20
2025-04-23T00:00:49.329205,48.42,0.00
2025-04-23T00:00:49.434407,48.42,24.30
2025-04-23T00:00:49.539604,48.42,99.30
2025-04-23T00:00:49.642297,49.14,99.70
2025-04-23T00:00:49.742587,48.42,99.90
2025-04-23T00:00:49.842945,48.42,99.60
2025-04-23T00:00:49.948057,48.42,99.70
2025-04-23T00:00:50.053151,48.42,65.70
2025-04-23T00:00:50.158245,48.42,0.00
2025-04-23T00:00:50.264149,48.42,0.10
2025-04-23T00:00:50.369239,48.42,91.60
2025-04-23T00:00:50.470489,48.42,99.80
2025-04-23T00:00:50.575588,48.44,99.70
2025-04-23T00:00:50.680693,48.44,99.70
2025-04-23T00:00:50.783410,48.44,99.80
2025-04-23T00:00:50.888492,48.44,88.50
2025-04-23T00:00:50.993582,48.44,0.10
2025-04-23T00:00:51.097335,48.44,0.00
2025-04-23T00:00:51.197741,48.44,62.60
2025-04-23T00:00:51.302830,48.44,99.70
2025-04-23T00:00:51.404859,48.44,99.60
2025-04-23T00:00:51.509963,48.44,99.70
2025-04-23T00:00:51.615118,48.44,99.60
2025-04-23T00:00:51.720221,48.44,99.70
2025-04-23T00:00:51.825306,48.44,16.30
2025-04-23T00:00:51.929967,48.44,0.00
2025-04-23T00:00:52.035055,48.44,22.80
2025-04-23T00:00:52.138149,48.44,99.70
2025-04-23T00:00:52.243243,49.39,99.70
2025-04-23T00:00:52.348337,48.44,99.60
2025-04-23T00:00:52.453181,48.44,99.60
2025-04-23T00:00:52.558283,48.44,99.70
2025-04-23T00:00:52.663387,48.44,55.00
2025-04-23T00:00:52.768485,48.44,0.10
2025-04-23T00:00:52.870217,48.44,0.00
2025-04-23T00:00:52.975297,48.44,98.70
2025-04-23T00:00:53.080383,48.44,99.60
2025-04-23T00:00:53.185471,48.44,99.80
2025-04-23T00:00:53.290566,48.44,99.70
2025-04-23T00:00:53.393350,48.44,99.60
2025-04-23T00:00:53.498442,48.44,78.40
2025-04-23T00:00:53.601287,48.44,0.00
2025-04-23T00:00:53.705908,48.44,0.10
2025-04-23T00:00:53.806844,48.44,73.80
2025-04-23T00:00:53.911938,48.44,99.80
2025-04-23T00:00:54.017023,48.44,99.70
2025-04-23T00:00:54.122114,48.44,99.80
2025-04-23T00:00:54.224255,48.44,99.70
2025-04-23T00:00:54.324723,48.44,99.60
2025-04-23T00:00:54.429838,48.44,7.20
2025-04-23T00:00:54.534915,48.44,0.00
2025-04-23T00:00:54.639995,48.44,48.40
2025-04-23T00:00:54.741969,48.44,99.70
2025-04-23T00:00:54.842585,48.44,78.90
2025-04-23T00:00:54.945293,48.38,99.20
2025-04-23T00:00:55.050389,48.38,99.30
2025-04-23T00:00:55.155483,48.38,99.80
2025-04-23T00:00:55.260572,48.38,70.90
2025-04-23T00:00:55.365671,48.38,0.00
2025-04-23T00:00:55.467868,48.38,0.00
2025-04-23T00:00:55.569569,48.38,77.50
2025-04-23T00:00:55.669974,48.38,99.80
2025-04-23T00:00:55.775071,48.38,99.70
2025-04-23T00:00:55.880172,48.38,99.70
2025-04-23T00:00:55.985276,48.38,99.70
2025-04-23T00:00:56.090372,48.38,99.60
2025-04-23T00:00:56.195475,48.38,37.10
2025-04-23T00:00:56.298951,48.38,0.00
2025-04-23T00:00:56.399295,48.33,19.30
2025-04-23T00:00:56.504375,48.33,99.60
2025-04-23T00:00:56.609475,49.22,99.80
2025-04-23T00:00:56.714582,48.31,99.80
2025-04-23T00:00:56.819676,48.31,99.70
2025-04-23T00:00:56.924770,48.31,99.70
2025-04-23T00:00:57.029856,48.31,55.60
2025-04-23T00:00:57.134415,48.31,0.00
2025-04-23T00:00:57.235555,48.31,0.40
2025-04-23T00:00:57.340644,48.33,97.30
2025-04-23T00:00:57.445726,48.33,99.70
2025-04-23T00:00:57.550809,48.33,99.60
2025-04-23T00:00:57.653736,48.33,99.50
2025-04-23T00:00:57.754072,48.33,99.60
2025-04-23T00:00:57.859175,48.33,85.10
2025-04-23T00:00:57.964283,48.33,0.00
2025-04-23T00:00:58.069363,48.33,0.00
2025-04-23T00:00:58.174699,48.33,67.90
2025-04-23T00:00:58.279813,48.33,99.40
2025-04-23T00:00:58.380479,48.34,98.40
2025-04-23T00:00:58.485579,48.34,99.70
2025-04-23T00:00:58.588643,48.34,99.60
2025-04-23T00:00:58.693753,48.34,99.70
2025-04-23T00:00:58.798850,48.34,24.80
2025-04-23T00:00:58.903944,48.34,0.00
2025-04-23T00:00:59.009051,48.31,33.80
2025-04-23T00:00:59.109253,48.31,99.70
2025-04-23T00:00:59.214362,48.31,99.70
2025-04-23T00:00:59.314958,48.31,99.70
2025-04-23T00:00:59.420052,48.31,99.70
2025-04-23T00:00:59.525158,48.31,99.70
2025-04-23T00:00:59.626768,48.31,53.40
2025-04-23T00:00:59.727683,48.31,0.70
2025-04-23T00:00:59.827995,48.34,0.00
2025-04-23T00:00:59.928341,48.34,90.10
2025-04-23T00:01:00.033456,48.34,102.10
2025-04-23T00:01:00.138562,48.33,99.60
2025-04-23T00:01:00.238670,48.33,99.80
2025-04-23T00:01:00.343783,48.33,99.60
2025-04-23T00:01:00.448874,48.33,92.30
2025-04-23T00:01:00.553958,48.33,0.00
2025-04-23T00:01:00.659039,48.33,0.00
2025-04-23T00:01:00.764120,48.33,64.70
2025-04-23T00:01:00.869205,48.33,99.70
2025-04-23T00:01:00.974300,48.33,99.80
2025-04-23T00:01:01.079390,48.33,99.50
2025-04-23T00:01:01.184476,48.33,99.40
2025-04-23T00:01:01.289571,48.33,99.70
2025-04-23T00:01:01.394665,48.33,4.30
2025-04-23T00:01:01.499757,48.33,0.00
2025-04-23T00:01:01.600939,48.33,49.90
2025-04-23T00:01:01.701307,48.33,99.70
2025-04-23T00:01:01.802919,48.33,99.60
2025-04-23T00:01:01.908016,48.33,99.80
2025-04-23T00:01:02.013109,48.33,99.70
2025-04-23T00:01:02.117650,48.33,99.70
2025-04-23T00:01:02.219794,48.33,28.80
2025-04-23T00:01:02.320069,48.33,0.00
2025-04-23T00:01:02.428444,48.28,1.50
2025-04-23T00:01:02.550784,32.92,85.40
2025-04-23T00:01:02.655853,33.20,98.30
2025-04-23T00:01:02.760874,33.42,98.00
2025-04-23T00:01:02.865970,33.50,99.60
2025-04-23T00:01:02.971068,33.44,95.40
2025-04-23T00:01:03.071458,33.45,99.80
2025-04-23T00:01:03.173129,33.53,16.30
2025-04-23T00:01:03.275340,33.53,0.10
2025-04-23T00:01:03.380435,33.53,42.60
2025-04-23T00:01:03.485520,33.53,99.40
2025-04-23T00:01:03.590676,33.56,99.70
2025-04-23T00:01:03.691650,33.56,99.10
2025-04-23T00:01:03.796754,33.56,99.70
2025-04-23T00:01:03.901853,33.56,97.40
2025-04-23T00:01:04.006955,33.56,39.10
2025-04-23T00:01:04.108301,33.56,0.10
2025-04-23T00:01:04.210050,33.56,12.70
2025-04-23T00:01:04.315145,33.56,99.40
2025-04-23T00:01:04.420272,34.19,99.70
2025-04-23T00:01:04.520440,33.58,99.70
2025-04-23T00:01:04.625537,33.58,99.80
2025-04-23T00:01:04.727904,33.58,99.70
2025-04-23T00:01:04.828941,33.58,68.60
2025-04-23T00:01:04.934062,33.58,0.00
2025-04-23T00:01:05.039143,33.58,0.00
2025-04-23T00:01:05.144218,33.58,88.00
2025-04-23T00:01:05.245977,33.58,99.70
2025-04-23T00:01:05.347457,33.58,99.80
2025-04-23T00:01:05.447785,33.58,99.60
2025-04-23T00:01:05.550373,33.58,99.60
2025-04-23T00:01:05.655460,33.58,91.40
2025-04-23T00:01:05.760545,33.58,0.00
2025-04-23T00:01:05.865623,33.58,0.00
2025-04-23T00:01:05.970684,33.58,65.40
2025-04-23T00:01:06.075765,33.61,99.70
2025-04-23T00:01:06.180852,33.61,99.80
2025-04-23T00:01:06.284104,33.61,99.30
2025-04-23T00:01:06.384424,33.62,99.60
2025-04-23T00:01:06.488328,33.62,99.80
2025-04-23T00:01:06.593422,33.62,12.40
2025-04-23T00:01:06.698509,33.62,0.40
2025-04-23T00:01:06.802482,33.94,41.20
2025-04-23T00:01:06.902923,33.95,99.70
2025-04-23T00:01:07.003291,33.97,99.60
2025-04-23T00:01:07.103576,33.97,99.50
2025-04-23T00:01:07.204931,33.97,99.80
2025-04-23T00:01:07.310026,33.97,99.80
2025-04-23T00:01:07.415112,33.97,41.10
2025-04-23T00:01:07.520069,33.97,0.00
2025-04-23T00:01:07.622054,33.97,13.30
2025-04-23T00:01:07.722410,33.97,99.60
2025-04-23T00:01:07.822813,33.97,99.50
2025-04-23T00:01:07.923113,34.00,99.70
2025-04-23T00:01:08.028011,34.00,99.70
2025-04-23T00:01:08.133107,34.02,99.70
2025-04-23T00:01:08.238199,34.02,67.50
2025-04-23T00:01:08.339780,34.02,0.00
2025-04-23T00:01:08.441018,34.02,0.00
2025-04-23T00:01:08.546105,34.02,84.80
2025-04-23T00:01:08.651189,34.02,99.80
2025-04-23T00:01:08.756287,34.02,99.70
2025-04-23T00:01:08.859059,34.02,99.70
2025-04-23T00:01:08.960086,34.02,99.60
2025-04-23T00:01:09.065185,34.02,90.00
2025-04-23T00:01:09.170271,34.02,0.00
2025-04-23T00:01:09.275342,34.02,0.00
2025-04-23T00:01:09.377218,34.02,63.70
2025-04-23T00:01:09.477928,34.02,95.60
2025-04-23T00:01:09.579087,34.02,98.70
2025-04-23T00:01:09.681136,34.03,99.60
2025-04-23T00:01:09.786239,34.03,99.90
2025-04-23T00:01:09.888897,34.03,99.80
2025-04-23T00:01:09.993991,34.03,39.90
2025-04-23T00:01:10.097401,34.03,0.00
2025-04-23T00:01:10.202493,34.03,16.10
2025-04-23T00:01:10.307584,34.03,99.40
2025-04-23T00:01:10.412676,35.02,99.80
2025-04-23T00:01:10.515686,34.20,99.60
2025-04-23T00:01:10.615971,34.20,99.70
2025-04-23T00:01:10.721067,34.20,99.70
2025-04-23T00:01:10.826157,34.20,64.80
2025-04-23T00:01:10.931247,34.20,0.00
2025-04-23T00:01:11.034015,34.20,0.00
2025-04-23T00:01:11.134374,34.20,84.60
2025-04-23T00:01:11.234774,34.20,97.80
2025-04-23T00:01:11.339869,48.36,99.40
2025-04-23T00:01:11.444962,48.36,99.70
2025-04-23T00:01:11.550056,48.36,99.80
2025-04-23T00:01:11.652852,48.36,99.60
2025-04-23T00:01:11.757963,48.36,16.10
2025-04-23T00:01:11.863043,48.36,0.00
2025-04-23T00:01:11.968112,48.36,41.10
2025-04-23T00:01:12.073199,48.36,99.60
2025-04-23T00:01:12.178302,48.36,98.00
2025-04-23T00:01:12.278759,48.36,99.20
2025-04-23T00:01:12.383849,48.36,99.70
2025-04-23T00:01:12.487580,48.36,99.70
2025-04-23T00:01:12.592673,48.36,46.30
2025-04-23T00:01:12.697770,48.36,0.00
2025-04-23T00:01:12.802864,48.36,7.50
2025-04-23T00:01:12.907475,48.22,26.50
2025-04-23T00:01:13.013820,48.23,14.80
2025-04-23T00:01:13.118735,48.12,62.90
2025-04-23T00:01:13.229908,48.03,87.30
2025-04-23T00:01:13.330597,48.23,59.60
2025-04-23T00:01:13.453895,48.08,39.30
2025-04-23T00:01:13.559780,48.03,94.10
2025-04-23T00:01:13.661517,48.05,97.60
2025-04-23T00:01:13.764653,48.05,51.50
2025-04-23T00:01:13.869827,47.52,75.10
2025-04-23T00:01:13.972602,47.45,94.60
2025-04-23T00:01:14.077751,47.00,99.00
2025-04-23T00:01:14.178433,47.00,60.50
2025-04-23T00:01:14.279105,47.36,0.10
2025-04-23T00:01:14.384219,47.36,0.00
2025-04-23T00:01:14.489912,47.36,93.60
2025-04-23T00:01:14.595032,47.59,99.00
2025-04-23T00:01:14.697016,47.69,99.40
2025-04-23T00:01:14.797302,47.72,99.70
2025-04-23T00:01:14.898718,47.72,99.50
2025-04-23T00:01:15.004167,47.72,99.60
2025-04-23T00:01:15.109281,47.72,85.70
2025-04-23T00:01:15.214388,47.72,0.10
2025-04-23T00:01:15.319486,47.72,0.10
2025-04-23T00:01:15.421184,47.72,68.20
2025-04-23T00:01:15.526282,47.70,99.80
2025-04-23T00:01:15.631370,38.50,99.60
2025-04-23T00:01:15.736469,38.50,99.70
2025-04-23T00:01:15.841563,38.52,99.40
2025-04-23T00:01:15.942589,36.09,99.80
2025-04-23T00:01:16.047685,36.09,10.30
2025-04-23T00:01:16.152809,36.09,0.00
2025-04-23T00:01:16.257913,33.48,45.30
2025-04-23T00:01:16.359905,33.34,82.70
2025-04-23T00:01:16.464995,32.38,99.20
2025-04-23T00:01:16.568925,31.77,98.50
2025-04-23T00:01:16.670538,31.77,99.70
2025-04-23T00:01:16.770880,31.77,99.90
2025-04-23T00:01:16.875992,33.36,74.20
2025-04-23T00:01:16.981083,33.36,0.30
2025-04-23T00:01:17.086162,33.44,0.00
2025-04-23T00:01:17.190490,33.44,83.30
2025-04-23T00:01:17.295569,33.45,99.80
2025-04-23T00:01:17.400660,33.55,99.80
2025-04-23T00:01:17.504751,33.56,99.70
2025-04-23T00:01:17.609841,33.56,99.70
2025-04-23T00:01:17.714927,33.56,88.10
2025-04-23T00:01:17.820000,33.56,0.10
2025-04-23T00:01:17.924862,33.56,0.00
2025-04-23T00:01:18.029840,33.56,72.50
2025-04-23T00:01:18.134925,33.58,99.70
2025-04-23T00:01:18.240017,33.59,99.70
2025-04-23T00:01:18.343067,33.59,99.70
2025-04-23T00:01:18.443432,33.59,99.70
2025-04-23T00:01:18.548532,33.59,99.60
2025-04-23T00:01:18.653621,33.59,6.50
2025-04-23T00:01:18.755819,33.59,0.00
2025-04-23T00:01:18.860893,33.59,51.60
2025-04-23T00:01:18.965977,33.59,99.80
2025-04-23T00:01:19.071061,33.59,99.80
2025-04-23T00:01:19.176161,33.59,99.60
2025-04-23T00:01:19.279667,33.59,99.80
2025-04-23T00:01:19.384768,33.59,99.70
2025-04-23T00:01:19.489866,33.59,21.90
2025-04-23T00:01:19.594946,33.59,0.00
2025-04-23T00:01:19.697759,33.59,33.30
2025-04-23T00:01:19.798178,33.86,99.60
2025-04-23T00:01:19.898603,33.86,99.60
2025-04-23T00:01:20.003710,33.94,99.70
2025-04-23T00:01:20.108801,33.94,99.70
2025-04-23T00:01:20.213894,33.94,99.70
2025-04-23T00:01:20.318107,33.94,51.00
2025-04-23T00:01:20.423241,33.94,0.00
2025-04-23T00:01:20.528313,33.94,6.20
2025-04-23T00:01:20.633389,33.94,99.60
2025-04-23T00:01:20.734758,33.94,99.70
2025-04-23T00:01:20.839844,34.02,99.70
2025-04-23T00:01:20.944934,34.02,99.70
2025-04-23T00:01:21.050029,34.02,99.60
2025-04-23T00:01:21.154158,34.02,79.60
2025-04-23T00:01:21.254578,34.02,0.10
2025-04-23T00:01:21.359666,34.02,0.00
2025-04-23T00:01:21.464755,34.02,76.50
2025-04-23T00:01:21.569856,34.02,99.70
2025-04-23T00:01:21.674970,34.02,99.60
2025-04-23T00:01:21.780060,34.02,99.90
2025-04-23T00:01:21.885153,34.02,99.70
2025-04-23T00:01:21.987780,34.02,99.70
2025-04-23T00:01:22.088771,34.02,7.70
2025-04-23T00:01:22.189065,34.02,0.00
2025-04-23T00:01:22.290279,34.02,36.00
2025-04-23T00:01:22.390582,34.02,99.40
2025-04-23T00:01:22.492419,34.09,99.70
2025-04-23T00:01:22.597521,34.09,99.70
2025-04-23T00:01:22.702610,34.09,98.60
2025-04-23T00:01:22.807708,34.09,99.60
2025-04-23T00:01:22.909093,34.09,56.40
2025-04-23T00:01:23.014222,34.09,0.00
2025-04-23T00:01:23.117675,34.09,0.00
2025-04-23T00:01:23.222762,34.09,98.80
2025-04-23T00:01:23.326578,34.09,98.30
2025-04-23T00:01:23.427196,34.12,99.50
2025-04-23T00:01:23.532322,34.12,99.80
2025-04-23T00:01:23.637428,34.12,99.70
2025-04-23T00:01:23.742532,34.12,91.30
2025-04-23T00:01:23.847011,34.12,0.00
2025-04-23T00:01:23.952091,34.12,0.00
2025-04-23T00:01:24.057165,34.12,64.20
2025-04-23T00:01:24.162309,48.45,99.40
2025-04-23T00:01:24.263098,48.44,99.50
2025-04-23T00:01:24.364236,48.44,99.30
2025-04-23T00:01:24.469330,48.44,99.60
2025-04-23T00:01:24.574422,48.44,99.70
2025-04-23T00:01:24.679512,48.44,39.60
2025-04-23T00:01:24.782297,48.44,0.10
2025-04-23T00:01:24.887385,48.44,16.10
2025-04-23T00:01:24.992459,48.44,99.70
2025-04-23T00:01:25.096447,48.48,99.80
2025-04-23T00:01:25.200483,48.45,99.70
2025-04-23T00:01:25.301210,48.45,99.70
2025-04-23T00:01:25.406312,48.45,99.70
2025-04-23T00:01:25.511395,48.45,65.30
2025-04-23T00:01:25.616487,48.45,0.00
2025-04-23T00:01:25.718915,48.45,0.10
2025-04-23T00:01:25.824028,48.45,89.40
2025-04-23T00:01:25.926156,48.48,99.80
2025-04-23T00:01:26.027266,48.50,99.70
2025-04-23T00:01:26.132363,48.50,99.60
2025-04-23T00:01:26.236476,48.50,99.80
2025-04-23T00:01:26.337818,48.50,98.50
2025-04-23T00:01:26.442700,48.50,0.00
2025-04-23T00:01:26.547776,48.50,0.00
2025-04-23T00:01:26.652862,48.50,57.10
2025-04-23T00:01:26.755921,48.50,99.80
2025-04-23T00:01:26.856278,48.50,99.80
2025-04-23T00:01:26.956652,48.50,99.70
2025-04-23T00:01:27.056968,48.50,99.80
2025-04-23T00:01:27.162100,48.50,99.80
2025-04-23T00:01:27.267186,48.50,38.00
2025-04-23T00:01:27.372276,48.50,0.00
2025-04-23T00:01:27.476826,48.50,22.00
2025-04-23T00:01:27.581909,48.50,99.90
2025-04-23T00:01:27.687006,49.50,99.60
2025-04-23T00:01:27.792111,49.50,99.70
2025-04-23T00:01:27.893313,49.50,99.60
2025-04-23T00:01:27.993647,49.50,99.60
2025-04-23T00:01:28.098741,49.50,63.70
2025-04-23T00:01:28.203823,49.50,0.00
2025-04-23T00:01:28.308887,49.50,0.10
2025-04-23T00:01:28.413949,49.50,93.20
2025-04-23T00:01:28.519025,49.50,99.70
2025-04-23T00:01:28.624126,49.50,99.70
2025-04-23T00:01:28.729225,49.50,99.70
2025-04-23T00:01:28.829884,49.50,99.70
2025-04-23T00:01:28.930283,49.50,96.60
2025-04-23T00:01:29.030548,49.50,0.00
2025-04-23T00:01:29.135639,49.50,0.00
2025-04-23T00:01:29.240721,49.50,60.30
2025-04-23T00:01:29.345814,49.50,99.70
2025-04-23T00:01:29.448742,49.58,99.70
2025-04-23T00:01:29.549091,49.58,99.60
2025-04-23T00:01:29.654201,49.58,99.80
2025-04-23T00:01:29.759285,49.58,99.90
2025-04-23T00:01:29.864374,49.58,22.80
2025-04-23T00:01:29.965855,49.58,0.00
2025-04-23T00:01:30.067516,49.58,26.10
2025-04-23T00:01:30.169235,49.58,99.70
2025-04-23T00:01:30.274328,49.58,99.70
2025-04-23T00:01:30.379423,49.58,97.80
2025-04-23T00:01:30.484388,49.58,99.70
2025-04-23T00:01:30.589485,49.58,99.70
2025-04-23T00:01:30.694577,49.58,49.40
2025-04-23T00:01:30.799660,49.58,0.00
2025-04-23T00:01:30.903792,49.58,0.60
2025-04-23T00:01:31.012019,49.48,60.50
2025-04-23T00:01:31.132128,49.48,99.10
2025-04-23T00:01:31.235645,49.48,99.20
2025-04-23T00:01:31.338697,49.48,99.50
2025-04-23T00:01:31.443812,49.48,99.60
2025-04-23T00:01:31.548905,49.48,99.70
2025-04-23T00:01:31.653989,49.48,22.00
2025-04-23T00:01:31.756801,49.48,0.10
2025-04-23T00:01:31.860508,49.48,32.10
2025-04-23T00:01:31.965599,49.48,99.60
2025-04-23T00:01:32.070687,49.48,99.70
2025-04-23T00:01:32.174971,49.48,99.60
2025-04-23T00:01:32.280071,49.48,99.80
2025-04-23T00:01:32.385166,49.48,99.70
2025-04-23T00:01:32.490256,49.48,37.80
2025-04-23T00:01:32.593118,49.48,0.00
2025-04-23T00:01:32.698218,49.48,15.80
2025-04-23T00:01:32.800448,49.48,99.70
2025-04-23T00:01:32.905542,49.39,99.80
2025-04-23T00:01:33.010632,49.48,99.70
2025-04-23T00:01:33.111578,49.48,99.80
2025-04-23T00:01:33.211898,49.48,99.70
2025-04-23T00:01:33.316992,49.48,63.00
2025-04-23T00:01:33.422078,49.48,0.00
2025-04-23T00:01:33.527168,49.48,0.00
2025-04-23T00:01:33.630029,49.48,92.10
2025-04-23T00:01:33.735114,49.48,99.80
2025-04-23T00:01:33.840206,49.48,99.70
2025-04-23T00:01:33.945286,49.48,99.60
2025-04-23T00:01:34.050381,49.48,99.60
2025-04-23T00:01:34.155467,49.48,74.90
2025-04-23T00:01:34.260549,49.48,0.00
2025-04-23T00:01:34.364867,49.48,0.00
2025-04-23T00:01:34.469947,49.48,85.50
2025-04-23T00:01:34.575038,49.48,99.70
2025-04-23T00:01:34.680126,49.48,99.70
2025-04-23T00:01:34.784126,49.48,99.60
2025-04-23T00:01:34.884438,49.48,99.40
2025-04-23T00:01:34.986452,49.48,89.60
2025-04-23T00:01:35.091560,49.48,0.00
2025-04-23T00:01:35.193174,49.48,0.00
2025-04-23T00:01:35.298253,49.48,63.60
2025-04-23T00:01:35.401128,49.48,99.70
2025-04-23T00:01:35.503355,49.50,99.70
2025-04-23T00:01:35.608438,49.50,99.80
2025-04-23T00:01:35.713518,49.50,99.60
2025-04-23T00:01:35.818604,49.50,99.70
2025-04-23T00:01:35.921474,49.50,22.00
2025-04-23T00:01:36.021794,49.50,0.00
2025-04-23T00:01:36.126880,49.50,31.10
2025-04-23T00:01:36.231294,49.50,99.70
2025-04-23T00:01:36.333052,49.50,99.50
2025-04-23T00:01:36.435654,49.50,99.30
2025-04-23T00:01:36.540452,49.50,99.40
2025-04-23T00:01:36.645594,49.50,99.80
2025-04-23T00:01:36.747199,49.50,50.40
2025-04-23T00:01:36.852287,49.50,0.00
2025-04-23T00:01:36.957359,49.50,3.60
2025-04-23T00:01:37.058730,49.50,99.60
2025-04-23T00:01:37.159147,49.50,99.80
2025-04-23T00:01:37.260609,49.58,99.80
2025-04-23T00:01:37.365707,49.58,86.70
2025-04-23T00:01:37.468986,49.48,90.90
2025-04-23T00:01:37.569193,49.48,98.90
2025-04-23T00:01:37.674292,49.38,35.80
2025-04-23T00:01:37.778262,49.38,0.20
2025-04-23T00:01:37.883333,49.38,20.80
2025-04-23T00:01:37.988397,49.38,99.70
2025-04-23T00:01:38.093486,49.44,99.60
2025-04-23T00:01:38.198572,49.44,99.70
2025-04-23T00:01:38.303666,49.44,99.70
2025-04-23T00:01:38.408759,49.44,99.70
2025-04-23T00:01:38.513950,49.44,52.70
2025-04-23T00:01:38.614250,49.44,0.00
2025-04-23T00:01:38.719330,49.44,5.70
2025-04-23T00:01:38.823625,49.44,99.70
2025-04-23T00:01:38.928713,49.44,99.60
2025-04-23T00:01:39.033558,49.42,99.70
2025-04-23T00:01:39.138645,49.42,99.70
2025-04-23T00:01:39.243729,49.42,99.90
2025-04-23T00:01:39.348809,49.42,65.60
2025-04-23T00:01:39.450474,49.42,0.00
2025-04-23T00:01:39.550820,49.42,0.00
2025-04-23T00:01:39.655902,49.39,89.20
2025-04-23T00:01:39.760994,49.41,99.90
2025-04-23T00:01:39.866091,49.41,99.40
2025-04-23T00:01:39.968304,49.41,99.50
2025-04-23T00:01:40.070824,49.41,99.80
2025-04-23T00:01:40.175922,49.41,93.90
2025-04-23T00:01:40.281011,49.41,0.10
2025-04-23T00:01:40.385633,49.41,0.00
2025-04-23T00:01:40.487455,49.41,57.50
2025-04-23T00:01:40.587829,49.41,99.70
2025-04-23T00:01:40.688215,49.41,99.70
2025-04-23T00:01:40.788512,49.41,99.70
2025-04-23T00:01:40.888919,49.41,99.60
2025-04-23T00:01:40.989264,49.41,99.60
2025-04-23T00:01:41.089652,49.34,47.80
2025-04-23T00:01:41.195560,49.34,0.00
2025-04-23T00:01:41.300636,49.34,9.20
2025-04-23T00:01:41.405699,49.34,99.70
2025-04-23T00:01:41.508518,49.34,99.60
2025-04-23T00:01:41.613614,49.34,99.70
2025-04-23T00:01:41.718712,49.34,99.70
2025-04-23T00:01:41.823815,49.34,99.70
2025-04-23T00:01:41.928907,49.34,72.50
2025-04-23T00:01:42.033994,49.34,0.00
2025-04-23T00:01:42.139072,49.34,0.00
2025-04-23T00:01:42.243648,49.34,84.80
2025-04-23T00:01:42.347570,49.34,99.80
2025-04-23T00:01:42.452665,49.41,99.70
2025-04-23T00:01:42.557753,49.41,99.50
2025-04-23T00:01:42.661834,49.41,99.40
2025-04-23T00:01:42.762230,49.41,99.20
2025-04-23T00:01:42.867336,49.39,7.10
2025-04-23T00:01:42.972474,49.39,0.00
2025-04-23T00:01:43.077564,49.39,48.90
2025-04-23T00:01:43.180280,49.39,99.70
2025-04-23T00:01:43.285389,49.31,99.80
2025-04-23T00:01:43.390483,49.31,99.70
2025-04-23T00:01:43.495570,49.31,99.70
2025-04-23T00:01:43.600668,49.31,99.70
2025-04-23T00:01:43.705755,49.31,33.00
2025-04-23T00:01:43.810564,49.31,0.00
2025-04-23T00:01:43.915228,49.31,20.90
2025-04-23T00:01:44.016568,49.31,99.70
2025-04-23T00:01:44.116926,49.20,99.70
2025-04-23T00:01:44.222043,49.31,99.60
2025-04-23T00:01:44.327135,49.31,93.60
2025-04-23T00:01:44.429061,49.31,99.20
2025-04-23T00:01:44.533305,49.31,80.20
2025-04-23T00:01:44.638406,49.31,0.00
2025-04-23T00:01:44.743490,49.31,0.10
2025-04-23T00:01:44.848562,49.31,76.60
2025-04-23T00:01:44.953652,49.31,99.50
2025-04-23T00:01:45.058746,49.31,99.70
2025-04-23T00:01:45.163833,49.31,99.60
2025-04-23T00:01:45.268929,49.31,99.80
2025-04-23T00:01:45.371298,49.31,99.60
2025-04-23T00:01:45.471686,49.31,9.50
2025-04-23T00:01:45.571976,49.31,0.00
2025-04-23T00:01:45.677051,49.31,48.20
2025-04-23T00:01:45.782130,49.31,99.80
2025-04-23T00:01:45.887236,49.31,99.70
2025-04-23T00:01:45.988436,49.31,99.60
2025-04-23T00:01:46.089801,49.31,99.70
2025-04-23T00:01:46.190843,49.31,99.70
2025-04-23T00:01:46.291237,49.31,47.70
2025-04-23T00:01:46.391547,49.31,0.00
2025-04-23T00:01:46.491905,49.31,0.10
2025-04-23T00:01:46.592262,49.31,99.70
2025-04-23T00:01:46.697388,49.31,99.70
2025-04-23T00:01:46.802481,49.47,99.80
2025-04-23T00:01:46.907561,49.47,99.20
2025-04-23T00:01:47.010392,49.47,99.70
2025-04-23T00:01:47.110776,49.47,99.70
2025-04-23T00:01:47.215872,48.47,0.00
2025-04-23T00:01:47.320961,48.47,0.30
2025-04-23T00:01:47.426039,48.47,57.30
2025-04-23T00:01:47.531167,48.47,99.80
2025-04-23T00:01:47.636251,48.45,99.80
2025-04-23T00:01:47.741347,48.45,99.70
2025-04-23T00:01:47.845260,48.45,99.90
2025-04-23T00:01:47.947061,48.45,99.60
2025-04-23T00:01:48.052155,48.45,28.30
2025-04-23T00:01:48.157228,48.45,0.00
2025-04-23T00:01:48.262287,48.45,26.20
2025-04-23T00:01:48.363631,48.45,99.80
2025-04-23T00:01:48.468784,48.48,99.70
2025-04-23T00:01:48.573884,48.48,99.70
2025-04-23T00:01:48.677613,48.48,99.60
2025-04-23T00:01:48.782708,48.50,99.70
2025-04-23T00:01:48.887801,48.50,52.80
2025-04-23T00:01:48.992760,48.50,0.00
2025-04-23T00:01:49.097840,48.50,2.30
2025-04-23T00:01:49.200818,48.50,99.50
2025-04-23T00:01:49.305912,48.50,99.60
2025-04-23T00:01:49.411006,48.50,99.80
2025-04-23T00:01:49.516091,48.50,99.70
2025-04-23T00:01:49.619559,48.50,99.60
2025-04-23T00:01:49.724691,48.50,79.60
2025-04-23T00:01:49.829826,48.41,0.20
2025-04-23T00:01:49.934942,48.41,0.00
2025-04-23T00:01:50.037676,48.41,75.30
2025-04-23T00:01:50.142768,48.41,99.70
2025-04-23T00:01:50.247853,48.41,99.70
2025-04-23T00:01:50.352942,48.41,99.70
2025-04-23T00:01:50.455005,48.41,99.70
2025-04-23T00:01:50.560092,48.41,93.00
2025-04-23T00:01:50.665171,48.41,0.00
2025-04-23T00:01:50.770237,48.41,0.10
2025-04-23T00:01:50.873056,48.41,59.90
2025-04-23T00:01:50.973574,48.41,99.70
2025-04-23T00:01:51.074660,48.42,99.60
2025-04-23T00:01:51.175334,48.42,99.70
2025-04-23T00:01:51.280432,48.42,99.70
2025-04-23T00:01:51.385518,48.42,94.20
2025-04-23T00:01:51.488933,48.42,35.60
2025-04-23T00:01:51.592126,48.42,0.00
2025-04-23T00:01:51.693584,48.42,9.50
2025-04-23T00:01:51.793881,48.42,99.70
2025-04-23T00:01:51.895718,48.42,99.80
2025-04-23T00:01:52.000820,48.42,99.70
2025-04-23T00:01:52.105905,48.42,99.70
2025-04-23T00:01:52.210991,48.42,99.80
2025-04-23T00:01:52.315355,48.42,63.70
2025-04-23T00:01:52.418893,48.42,0.00
2025-04-23T00:01:52.523982,48.42,0.10
2025-04-23T00:01:52.628948,48.42,92.50
2025-04-23T00:01:52.734044,48.42,99.70
2025-04-23T00:01:52.839139,48.42,99.00
2025-04-23T00:01:52.944239,48.42,99.20
2025-04-23T00:01:53.049345,48.36,99.10
2025-04-23T00:01:53.154442,48.36,86.80
2025-04-23T00:01:53.260898,48.34,4.30
2025-04-23T00:01:53.367903,48.28,0.00
2025-04-23T00:01:53.471972,48.28,0.80
2025-04-23T00:01:53.575590,45.97,78.90
2025-04-23T00:01:53.683057,46.80,18.70
2025-04-23T00:01:53.784208,42.17,84.20
2025-04-23T00:01:53.887108,34.48,94.50
2025-04-23T00:01:53.988190,39.47,96.90
2025-04-23T00:01:54.093152,42.73,98.80
2025-04-23T00:01:54.198290,43.33,99.40
2025-04-23T00:01:54.303448,45.44,51.90
2025-04-23T00:01:54.406510,46.30,0.00
2025-04-23T00:01:54.511713,46.11,3.70
2025-04-23T00:01:54.616817,46.12,96.80
2025-04-23T00:01:54.720279,46.25,97.50
2025-04-23T00:01:54.821172,46.06,32.80
2025-04-23T00:01:54.926281,45.97,97.30
2025-04-23T00:01:55.031287,45.97,97.90
2025-04-23T00:01:55.132592,45.97,98.70
2025-04-23T00:01:55.237686,45.97,81.50
2025-04-23T00:01:55.342513,45.97,0.00
2025-04-23T00:01:55.447589,45.95,0.00
2025-04-23T00:01:55.552677,45.95,78.90
2025-04-23T00:01:55.657056,45.95,98.70
2025-04-23T00:01:55.757806,46.05,99.60
2025-04-23T00:01:55.858212,46.08,99.60
2025-04-23T00:01:55.963322,46.08,99.60
2025-04-23T00:01:56.068411,46.08,99.70
2025-04-23T00:01:56.173552,46.00,3.10
2025-04-23T00:01:56.275438,46.00,0.00
2025-04-23T00:01:56.378628,46.00,53.30
2025-04-23T00:01:56.483796,46.00,93.90
2025-04-23T00:01:56.589274,46.09,38.60
2025-04-23T00:01:56.696403,31.75,96.40
2025-04-23T00:01:56.801607,31.75,99.50
2025-04-23T00:01:56.906749,31.75,99.80
2025-04-23T00:01:57.006891,31.75,99.60
2025-04-23T00:01:57.110960,31.75,8.70
2025-04-23T00:01:57.212859,31.75,0.80
2025-04-23T00:01:57.313218,33.42,39.30
2025-04-23T00:01:57.415083,33.42,99.80
2025-04-23T00:01:57.520174,33.44,99.40
2025-04-23T00:01:57.626113,33.56,99.70
2025-04-23T00:01:57.726410,33.56,99.70
2025-04-23T00:01:57.831288,33.56,99.70
2025-04-23T00:01:57.936372,33.56,35.90
2025-04-23T00:01:58.041446,33.56,0.10
2025-04-23T00:01:58.146531,33.56,19.70
2025-04-23T00:01:58.249430,33.56,99.70
2025-04-23T00:01:58.354514,34.47,78.90
2025-04-23T00:01:58.457067,34.33,93.30
2025-04-23T00:01:58.562260,48.28,92.10
2025-04-23T00:01:58.662372,48.27,98.10
2025-04-23T00:01:58.767479,48.27,98.90
2025-04-23T00:01:58.868747,48.27,58.90
2025-04-23T00:01:58.973899,48.28,0.00
2025-04-23T00:01:59.078983,48.28,0.00
2025-04-23T00:01:59.184059,48.28,98.30
2025-04-23T00:01:59.286152,48.28,97.60
2025-04-23T00:01:59.387193,48.27,99.60
2025-04-23T00:01:59.487559,48.27,99.70
2025-04-23T00:01:59.592651,48.27,99.70
2025-04-23T00:01:59.693738,48.27,99.80
2025-04-23T00:01:59.798821,48.27,3.60
2025-04-23T00:01:59.903894,48.30,0.00
2025-04-23T00:02:00.008976,48.30,55.00
2025-04-23T00:02:00.114080,48.30,99.70
2025-04-23T00:02:00.219187,48.31,99.70
2025-04-23T00:02:00.324293,48.31,99.30
2025-04-23T00:02:00.425393,48.31,99.80
2025-04-23T00:02:00.530494,48.31,99.70
2025-04-23T00:02:00.630693,48.31,50.30
2025-04-23T00:02:00.735795,48.31,0.10
2025-04-23T00:02:00.838280,48.31,3.70
2025-04-23T00:02:00.942676,48.31,99.70
2025-04-23T00:02:01.047771,48.31,99.70
2025-04-23T00:02:01.152867,48.38,99.70
2025-04-23T00:02:01.257958,48.38,99.70
2025-04-23T00:02:01.360180,48.38,99.70
2025-04-23T00:02:01.465283,48.38,99.80
2025-04-23T00:02:01.566879,48.39,22.30
2025-04-23T00:02:01.671993,48.39,0.00
2025-04-23T00:02:01.777100,48.39,32.50
2025-04-23T00:02:01.878258,48.41,99.70
2025-04-23T00:02:01.978906,48.41,99.50
2025-04-23T00:02:02.080003,48.41,99.70
2025-04-23T00:02:02.185105,48.41,99.80
2025-04-23T00:02:02.290200,48.41,85.30
2025-04-23T00:02:02.404546,48.36,7.50
2025-04-23T00:02:02.509455,47.84,81.20
2025-04-23T00:02:02.614322,47.89,40.20
2025-04-23T00:02:02.719610,47.91,0.10
2025-04-23T00:02:02.824855,47.91,12.70
2025-04-23T00:02:02.929985,47.94,99.70
2025-04-23T00:02:03.033387,47.98,99.50
2025-04-23T00:02:03.133744,48.11,99.60
2025-04-23T00:02:03.234535,48.08,99.30
2025-04-23T00:02:03.339739,47.98,99.20
2025-04-23T00:02:03.444874,47.98,99.60
2025-04-23T00:02:03.549970,47.98,52.30
2025-04-23T00:02:03.652172,47.98,0.00
2025-04-23T00:02:03.752294,47.98,2.60
2025-04-23T00:02:03.857385,47.98,98.50
2025-04-23T00:02:03.962478,47.98,99.70
2025-04-23T00:02:04.067582,48.12,99.80
2025-04-23T00:02:04.169855,48.12,97.50
2025-04-23T00:02:04.271050,48.11,96.90
2025-04-23T00:02:04.376155,48.11,96.30
2025-04-23T00:02:04.481268,48.08,50.50
2025-04-23T00:02:04.583537,48.08,0.10
2025-04-23T00:02:04.688658,48.08,0.00
2025-04-23T00:02:04.789550,48.08,98.20
2025-04-23T00:02:04.894667,48.09,98.50
2025-04-23T00:02:04.999767,48.14,96.00
2025-04-23T00:02:05.104876,48.14,98.50
2025-04-23T00:02:05.209999,48.14,98.80
2025-04-23T00:02:05.315108,48.14,89.40
2025-04-23T00:02:05.418981,46.34,99.10
2025-04-23T00:02:05.520166,46.34,62.00
2025-04-23T00:02:05.625291,46.34,0.00
2025-04-23T00:02:05.725929,46.34,0.10
2025-04-23T00:02:05.831027,46.34,90.80
2025-04-23T00:02:05.936143,46.30,94.40
2025-04-23T00:02:06.038483,46.38,99.30
2025-04-23T00:02:06.143595,46.38,99.70
2025-04-23T00:02:06.248756,46.38,99.70
2025-04-23T00:02:06.353859,46.38,99.70
2025-04-23T00:02:06.458954,46.38,17.60
2025-04-23T00:02:06.562352,46.38,0.00
2025-04-23T00:02:06.667460,46.38,40.90
2025-04-23T00:02:06.772562,46.38,99.80
2025-04-23T00:02:06.877657,46.38,99.60
2025-04-23T00:02:06.982748,46.45,99.70
2025-04-23T00:02:07.087837,46.45,99.80
2025-04-23T00:02:07.192937,46.45,98.50
2025-04-23T00:02:07.298034,46.45,33.00
2025-04-23T00:02:07.403144,48.12,0.00
2025-04-23T00:02:07.505803,48.12,27.20
2025-04-23T00:02:07.610893,48.12,98.90
2025-04-23T00:02:07.715784,48.14,99.60
2025-04-23T00:02:07.816865,48.16,99.60
2025-04-23T00:02:07.918212,48.16,99.40
2025-04-23T00:02:08.019100,48.16,99.00
2025-04-23T00:02:08.124254,48.16,99.80
2025-04-23T00:02:08.229394,48.16,99.60
2025-04-23T00:02:08.334341,48.16,20.20
2025-04-23T00:02:08.439493,45.89,0.00
2025-04-23T00:02:08.544602,33.59,36.40
2025-04-23T00:02:08.649702,33.59,97.40
2025-04-23T00:02:08.753928,33.64,88.20
2025-04-23T00:02:08.856036,33.62,97.10
2025-04-23T00:02:08.958978,33.59,98.90
2025-04-23T00:02:09.059524,33.59,99.70
2025-04-23T00:02:09.164628,33.59,99.70
2025-04-23T00:02:09.269733,33.59,54.80
2025-04-23T00:02:09.372234,33.59,0.00
2025-04-23T00:02:09.477348,33.53,2.70
2025-04-23T00:02:09.582463,33.53,98.20
2025-04-23T00:02:09.687579,33.53,98.70
2025-04-23T00:02:09.792694,33.53,99.90
2025-04-23T00:02:09.897819,33.83,99.70
2025-04-23T00:02:10.002928,33.83,99.50
2025-04-23T00:02:10.107249,33.83,97.70
2025-04-23T00:02:10.208625,33.83,56.20
2025-04-23T00:02:10.309098,33.83,5.00
2025-04-23T00:02:10.416113,33.73,2.90
2025-04-23T00:02:10.565794,33.33,55.20
2025-04-23T00:02:10.692332,32.67,84.10
2025-04-23T00:02:10.793907,33.02,0.10
2025-04-23T00:02:10.899040,30.97,0.00
2025-04-23T00:02:11.004150,30.97,70.30
2025-04-23T00:02:11.109253,31.02,99.70
2025-04-23T00:02:11.214358,31.16,99.10
2025-04-23T00:02:11.318945,31.16,99.80
2025-04-23T00:02:11.422960,31.95,99.60
2025-04-23T00:02:11.528059,33.59,99.60
2025-04-23T00:02:11.631286,33.83,11.90
2025-04-23T00:02:11.731694,33.83,0.10
2025-04-23T00:02:11.836792,33.83,41.50
2025-04-23T00:02:11.941880,33.83,54.00
2025-04-23T00:02:12.073200,48.12,88.60
2025-04-23T00:02:12.174664,48.12,99.00
2025-04-23T00:02:12.278865,48.12,99.60
2025-04-23T00:02:12.382912,48.12,99.80
2025-04-23T00:02:12.483224,48.12,99.60
2025-04-23T00:02:12.583514,48.12,95.60
2025-04-23T00:02:12.688651,48.12,39.50
2025-04-23T00:02:12.793767,48.12,0.10
2025-04-23T00:02:12.898857,48.12,16.40
2025-04-23T00:02:13.002165,48.12,96.70
2025-04-23T00:02:13.103335,48.19,98.50
2025-04-23T00:02:13.208644,48.22,95.00
2025-04-23T00:02:13.313753,48.22,91.40
2025-04-23T00:02:13.418879,48.22,95.90
2025-04-23T00:02:13.520603,48.22,92.10
2025-04-23T00:02:13.625731,48.22,97.20
2025-04-23T00:02:13.730850,48.22,48.00
2025-04-23T00:02:13.835960,48.22,0.00
2025-04-23T00:02:13.938276,48.22,5.90
2025-04-23T00:02:14.043377,48.22,99.40
2025-04-23T00:02:14.148472,48.22,99.70
2025-04-23T00:02:14.252723,48.19,99.70
2025-04-23T00:02:14.356500,48.19,99.60
2025-04-23T00:02:14.457628,48.19,99.70
2025-04-23T00:02:14.560433,48.19,78.50
2025-04-23T00:02:14.665512,48.19,0.00
2025-04-23T00:02:14.770595,48.19,0.00
2025-04-23T00:02:14.875731,48.19,78.30
2025-04-23T00:02:14.980838,48.19,99.70
2025-04-23T00:02:15.085924,48.20,99.70
2025-04-23T00:02:15.191023,48.20,99.70
2025-04-23T00:02:15.291183,48.20,99.80
2025-04-23T00:02:15.392595,48.20,99.80
2025-04-23T00:02:15.493786,48.20,11.10
2025-04-23T00:02:15.598885,48.20,0.00
2025-04-23T00:02:15.703963,48.20,46.00
2025-04-23T00:02:15.809050,48.20,99.80
2025-04-23T00:02:15.911912,48.20,99.30
2025-04-23T00:02:16.012822,48.20,99.40
2025-04-23T00:02:16.117852,48.20,99.70
2025-04-23T00:02:16.222947,48.20,99.80
2025-04-23T00:02:16.328040,48.20,41.30
2025-04-23T00:02:16.431170,48.16,0.10
2025-04-23T00:02:16.536305,48.16,9.70
2025-04-23T00:02:16.641383,48.16,99.20
2025-04-23T00:02:16.746472,48.16,99.70
2025-04-23T00:02:16.848574,48.19,99.50
2025-04-23T00:02:16.948867,48.19,99.60
2025-04-23T00:02:17.053980,48.19,99.60
2025-04-23T00:02:17.159067,48.19,77.70
2025-04-23T00:02:17.264157,48.19,0.10
2025-04-23T00:02:17.366956,48.19,0.00
2025-04-23T00:02:17.472041,48.19,77.20
2025-04-23T00:02:17.577123,48.22,99.70
2025-04-23T00:02:17.682219,48.25,99.80
2025-04-23T00:02:17.787313,48.25,99.70
2025-04-23T00:02:17.892406,48.25,99.80
2025-04-23T00:02:17.997498,48.25,99.70
2025-04-23T00:02:18.101806,48.25,4.50
2025-04-23T00:02:18.203227,48.25,0.20
2025-04-23T00:02:18.308308,48.25,23.80
2025-04-23T00:02:18.413672,48.25,80.50
2025-04-23T00:02:18.514743,48.30,99.80
2025-04-23T00:02:18.619843,48.33,99.50
2025-04-23T00:02:18.721731,48.33,99.60
2025-04-23T00:02:18.822090,48.33,99.80
2025-04-23T00:02:18.922501,48.33,98.50
2025-04-23T00:02:19.028035,48.33,0.00
2025-04-23T00:02:19.133112,48.33,0.00
2025-04-23T00:02:19.238178,48.33,58.00
2025-04-23T00:02:19.340601,48.33,99.70
2025-04-23T00:02:19.445380,48.33,99.70
2025-04-23T00:02:19.549687,48.31,99.80
2025-04-23T00:02:19.654777,48.31,99.60
2025-04-23T00:02:19.758749,48.31,99.80
2025-04-23T00:02:19.859100,48.31,30.40
2025-04-23T00:02:19.959952,48.31,0.00
2025-04-23T00:02:20.065027,48.31,24.00
2025-04-23T00:02:20.170107,48.31,99.60
2025-04-23T00:02:20.275195,48.31,99.80
2025-04-23T00:02:20.376215,48.31,99.70
2025-04-23T00:02:20.477935,48.31,99.60
2025-04-23T00:02:20.578247,48.31,99.70
2025-04-23T00:02:20.678631,48.31,70.80
2025-04-23T00:02:20.783717,48.31,0.10
2025-04-23T00:02:20.888791,48.31,0.00
2025-04-23T00:02:20.993861,48.31,85.50
2025-04-23T00:02:21.096078,48.31,99.70
2025-04-23T00:02:21.197136,48.31,99.70
2025-04-23T00:02:21.298350,48.31,99.70
2025-04-23T00:02:21.403445,48.31,99.80
2025-04-23T00:02:21.508538,48.31,99.70
2025-04-23T00:02:21.613635,48.31,1.50
2025-04-23T00:02:21.715008,48.31,0.10
2025-04-23T00:02:21.815970,48.31,45.90
2025-04-23T00:02:21.916333,48.31,99.60
2025-04-23T00:02:22.021432,48.33,99.70
2025-04-23T00:02:22.126522,48.33,99.80
2025-04-23T00:02:22.231609,48.33,99.60
2025-04-23T00:02:22.336686,48.33,99.70
2025-04-23T00:02:22.441787,48.33,34.00
2025-04-23T00:02:22.546866,48.33,0.00
2025-04-23T00:02:22.651400,48.33,21.30
2025-04-23T00:02:22.755072,48.33,99.40
2025-04-23T00:02:22.860161,49.33,100.20
2025-04-23T00:02:22.965244,48.33,99.40
2025-04-23T00:02:23.069446,48.33,99.50
2025-04-23T00:02:23.174544,48.33,99.70
2025-04-23T00:02:23.279634,48.33,57.90
2025-04-23T00:02:23.384727,48.33,0.00
2025-04-23T00:02:23.487856,48.25,0.00
2025-04-23T00:02:23.588829,48.25,92.70
2025-04-23T00:02:23.693922,48.25,99.70
2025-04-23T00:02:23.796482,48.31,99.60
2025-04-23T00:02:23.897597,48.31,99.70
2025-04-23T00:02:24.002689,48.31,99.70
2025-04-23T00:02:24.107383,48.31,99.60
2025-04-23T00:02:24.207685,48.31,10.60
2025-04-23T00:02:24.308170,48.31,0.10
2025-04-23T00:02:24.410757,48.31,40.20
2025-04-23T00:02:24.515849,48.31,99.60
2025-04-23T00:02:24.620681,48.34,99.70
2025-04-23T00:02:24.725388,48.34,99.60
2025-04-23T00:02:24.825775,48.34,99.60
2025-04-23T00:02:24.930860,48.34,99.80
2025-04-23T00:02:25.035638,48.34,43.10
2025-04-23T00:02:25.140725,48.34,0.00
2025-04-23T00:02:25.244627,48.34,12.90
2025-04-23T00:02:25.349696,48.34,99.60
2025-04-23T00:02:25.454779,49.38,99.80
2025-04-23T00:02:25.559865,48.34,99.70
2025-04-23T00:02:25.664978,48.34,99.70
2025-04-23T00:02:25.767415,48.36,99.70
2025-04-23T00:02:25.872497,48.36,68.00
2025-04-23T00:02:25.977587,48.36,0.00
2025-04-23T00:02:26.080903,48.36,0.00
2025-04-23T00:02:26.185990,48.36,88.40
2025-04-23T00:02:26.291077,48.36,99.80
2025-04-23T00:02:26.396162,48.36,99.60
2025-04-23T00:02:26.498279,48.36,99.70
2025-04-23T00:02:26.599444,48.36,99.70
2025-04-23T00:02:26.704534,48.36,93.80
2025-04-23T00:02:26.809623,48.36,0.10
2025-04-23T00:02:26.914726,48.36,0.00
2025-04-23T00:02:27.017524,48.36,59.20
2025-04-23T00:02:27.117924,48.36,99.60
2025-04-23T00:02:27.221497,48.36,99.80
2025-04-23T00:02:27.326585,48.36,99.80
2025-04-23T00:02:27.430304,48.36,99.70
2025-04-23T00:02:27.535397,48.36,99.60
2025-04-23T00:02:27.638651,48.36,26.90
2025-04-23T00:02:27.743728,48.36,0.10
2025-04-23T00:02:27.848797,48.36,30.70
2025-04-23T00:02:27.953950,48.36,99.70
2025-04-23T00:02:28.054565,48.39,99.60
2025-04-23T00:02:28.159661,48.39,99.70
2025-04-23T00:02:28.264743,48.39,99.80
2025-04-23T00:02:28.369823,48.39,99.80
2025-04-23T00:02:28.472678,48.39,56.10
2025-04-23T00:02:28.572988,48.39,0.00
2025-04-23T00:02:28.678066,48.39,0.00
2025-04-23T00:02:28.783126,48.39,98.90
2025-04-23T00:02:28.888196,48.39,99.60
2025-04-23T00:02:28.993284,48.41,99.80
2025-04-23T00:02:29.098365,48.41,99.60
2025-04-23T00:02:29.203464,48.41,99.60
2025-04-23T00:02:29.308575,48.41,78.40
2025-04-23T00:02:29.409256,48.41,0.00
2025-04-23T00:02:29.509602,48.41,0.00
2025-04-23T00:02:29.614678,48.41,73.20
2025-04-23T00:02:29.719758,48.41,99.70
2025-04-23T00:02:29.824847,48.41,100.00
2025-04-23T00:02:29.926252,48.41,99.70
2025-04-23T00:02:30.026717,48.41,99.70
2025-04-23T00:02:30.128502,48.41,99.70
2025-04-23T00:02:30.233604,48.41,18.10
2025-04-23T00:02:30.336334,48.41,0.00
2025-04-23T00:02:30.441423,48.41,37.30
2025-04-23T00:02:30.546575,48.41,99.60
2025-04-23T00:02:30.650460,48.41,99.60
2025-04-23T00:02:30.755550,48.41,99.70
2025-04-23T00:02:30.860639,48.41,99.80
2025-04-23T00:02:30.964694,48.41,99.70
2025-04-23T00:02:31.065433,48.41,44.60
2025-04-23T00:02:31.166897,48.41,0.00
2025-04-23T00:02:31.271989,48.41,11.90
2025-04-23T00:02:31.377071,48.41,99.50
2025-04-23T00:02:31.482044,49.11,99.70
2025-04-23T00:02:31.582218,48.41,99.70
2025-04-23T00:02:31.685502,48.41,99.60
2025-04-23T00:02:31.790593,48.41,99.70
2025-04-23T00:02:31.895683,48.41,66.60
2025-04-23T00:02:32.000013,48.41,0.00
2025-04-23T00:02:32.105103,48.41,0.00
2025-04-23T00:02:32.210172,48.41,92.10
2025-04-23T00:02:32.315265,48.41,99.80
2025-04-23T00:02:32.418917,48.41,99.70
2025-04-23T00:02:32.520190,48.41,99.60
2025-04-23T00:02:32.625287,48.41,99.70
2025-04-23T00:02:32.730382,48.41,86.10
2025-04-23T00:02:32.835213,48.41,0.10
2025-04-23T00:02:32.938328,48.41,0.00
2025-04-23T00:02:33.043427,48.41,68.80
2025-04-23T00:02:33.148509,48.41,99.80
2025-04-23T00:02:33.253599,48.41,99.80
2025-04-23T00:02:33.355729,48.41,99.80
2025-04-23T00:02:33.456029,48.41,99.60
2025-04-23T00:02:33.557166,48.41,99.70
2025-04-23T00:02:33.657622,48.41,21.10
2025-04-23T00:02:33.757855,48.41,0.10
2025-04-23T00:02:33.862932,48.41,32.40
2025-04-23T00:02:33.968002,48.41,99.70
2025-04-23T00:02:34.073092,48.41,99.70
2025-04-23T00:02:34.176061,48.41,99.60
2025-04-23T00:02:34.281165,48.41,99.70
2025-04-23T00:02:34.386252,48.41,99.80
2025-04-23T00:02:34.491338,48.41,43.60
2025-04-23T00:02:34.593409,48.41,0.00
2025-04-23T00:02:34.698504,48.41,11.80
2025-04-23T00:02:34.803576,48.41,99.90
2025-04-23T00:02:34.908665,49.20,99.80
2025-04-23T00:02:35.009258,48.47,99.60
2025-04-23T00:02:35.112679,48.47,99.70
2025-04-23T00:02:35.217781,48.47,99.60
2025-04-23T00:02:35.322860,48.47,78.00
2025-04-23T00:02:35.427949,48.47,0.00
2025-04-23T00:02:35.530200,48.47,0.00
2025-04-23T00:02:35.631101,48.47,71.00
2025-04-23T00:02:35.731517,48.47,99.50
2025-04-23T00:02:35.831852,48.45,99.60
2025-04-23T00:02:35.936959,48.45,99.70
2025-04-23T00:02:36.042041,48.45,99.70
2025-04-23T00:02:36.147136,48.45,99.80
2025-04-23T00:02:36.249007,48.45,11.50
2025-04-23T00:02:36.349415,48.45,0.00
2025-04-23T00:02:36.450646,48.45,38.10
2025-04-23T00:02:36.555727,48.45,99.70
2025-04-23T00:02:36.660811,48.45,99.70
2025-04-23T00:02:36.765896,48.45,99.60
2025-04-23T00:02:36.868793,48.45,99.80
2025-04-23T00:02:36.969175,48.45,99.70
2025-04-23T00:02:37.069503,48.45,46.20
2025-04-23T00:02:37.171819,48.45,0.00
2025-04-23T00:02:37.276891,48.45,10.90
2025-04-23T00:02:37.381964,48.45,99.20
2025-04-23T00:02:37.486113,48.45,99.70
2025-04-23T00:02:37.589047,48.45,99.60
2025-04-23T00:02:37.694153,48.45,99.70
2025-04-23T00:02:37.797006,48.45,99.30
2025-04-23T00:02:37.902103,48.45,71.10
2025-04-23T00:02:38.006187,48.45,0.20
2025-04-23T00:02:38.111291,48.45,0.00
2025-04-23T00:02:38.216357,48.45,85.60
2025-04-23T00:02:38.321433,48.45,99.50
2025-04-23T00:02:38.426508,48.47,99.70
2025-04-23T00:02:38.531599,48.47,99.80
2025-04-23T00:02:38.636698,48.47,99.60
2025-04-23T00:02:38.739724,48.47,92.10
2025-04-23T00:02:38.841454,48.47,0.10
2025-04-23T00:02:38.942729,48.47,0.00
2025-04-23T00:02:39.047808,48.47,61.00
2025-04-23T00:02:39.152893,48.47,99.60
2025-04-23T00:02:39.257991,48.47,99.80
2025-04-23T00:02:39.360918,48.47,99.70
2025-04-23T00:02:39.466042,48.47,99.70
2025-04-23T00:02:39.567800,48.47,99.70
2025-04-23T00:02:39.672883,48.47,17.80
2025-04-23T00:02:39.777969,48.47,0.50
2025-04-23T00:02:39.879378,48.47,37.10
2025-04-23T00:02:39.984471,48.47,70.80
2025-04-23T00:02:40.089561,48.47,99.60
2025-04-23T00:02:40.194647,48.47,99.80
2025-04-23T00:02:40.298333,48.47,99.80
2025-04-23T00:02:40.403437,48.47,99.70
2025-04-23T00:02:40.508530,48.47,68.50
2025-04-23T00:02:40.613627,48.47,0.00
2025-04-23T00:02:40.715629,48.47,0.00
2025-04-23T00:02:40.815975,48.47,81.90
2025-04-23T00:02:40.916395,48.47,99.70
2025-04-23T00:02:41.021525,48.47,99.70
2025-04-23T00:02:41.126607,48.47,99.60
2025-04-23T00:02:41.231697,48.47,99.70
2025-04-23T00:02:41.334519,48.47,98.90
2025-04-23T00:02:41.434834,48.47,0.00
2025-04-23T00:02:41.535178,48.47,0.00
2025-04-23T00:02:41.638253,48.47,54.70
2025-04-23T00:02:41.743335,48.47,99.70
2025-04-23T00:02:41.848436,48.47,99.80
2025-04-23T00:02:41.949476,48.47,99.70
2025-04-23T00:02:42.054557,48.47,99.70
2025-04-23T00:02:42.159639,48.47,99.60
2025-04-23T00:02:42.264735,48.47,19.70
2025-04-23T00:02:42.369819,48.47,0.00
2025-04-23T00:02:42.474904,48.47,39.70
2025-04-23T00:02:42.579984,48.47,99.80
2025-04-23T00:02:42.681100,48.47,99.60
2025-04-23T00:02:42.782177,48.47,99.30
2025-04-23T00:02:42.887270,48.47,99.60
2025-04-23T00:02:42.990321,48.47,99.70
2025-04-23T00:02:43.090724,48.47,46.00
2025-04-23T00:02:43.195832,48.47,0.00
2025-04-23T00:02:43.300908,48.47,14.50
2025-04-23T00:02:43.405981,48.47,98.90
2025-04-23T00:02:43.511064,49.52,100.50
2025-04-23T00:02:43.616163,48.47,99.60
2025-04-23T00:02:43.721255,48.47,99.70
2025-04-23T00:02:43.826395,48.47,99.80
2025-04-23T00:02:43.926939,48.47,64.40
2025-04-23T00:02:44.027263,48.47,0.00
2025-04-23T00:02:44.127602,48.47,0.00
2025-04-23T00:02:44.228055,48.47,83.90
2025-04-23T00:02:44.333148,48.47,99.70
2025-04-23T00:02:44.438242,48.47,99.70
2025-04-23T00:02:44.543343,48.47,99.70
2025-04-23T00:02:44.648440,48.47,76.00
2025-04-23T00:02:44.759621,48.47,98.50
2025-04-23T00:02:44.864821,48.47,44.80
2025-04-23T00:02:44.968011,48.47,0.10
2025-04-23T00:02:45.073097,48.47,12.90
2025-04-23T00:02:45.178184,48.47,99.70
2025-04-23T00:02:45.280505,48.73,99.80
2025-04-23T00:02:45.385075,48.47,99.70
2025-04-23T00:02:45.490206,48.47,99.70
2025-04-23T00:02:45.595298,48.47,99.80
2025-04-23T00:02:45.699320,48.47,65.40
2025-04-23T00:02:45.800186,48.47,0.10
2025-04-23T00:02:45.905267,48.47,0.00
2025-04-23T00:02:46.010339,48.47,93.50
2025-04-23T00:02:46.115431,48.47,99.70
2025-04-23T00:02:46.218326,48.47,99.70
2025-04-23T00:02:46.318650,48.47,99.70
2025-04-23T00:02:46.419000,48.47,99.70
2025-04-23T00:02:46.524097,48.47,88.40
2025-04-23T00:02:46.629184,48.47,0.00
2025-04-23T00:02:46.734270,48.47,0.00
2025-04-23T00:02:46.837134,48.47,65.00
2025-04-23T00:02:46.937599,48.47,99.70
2025-04-23T00:02:47.037887,48.44,99.70
2025-04-23T00:02:47.138264,48.44,99.70
2025-04-23T00:02:47.238564,48.44,99.70
2025-04-23T00:02:47.343667,48.44,99.80
2025-04-23T00:02:47.448747,48.44,33.90
2025-04-23T00:02:47.553824,48.44,0.00
2025-04-23T00:02:47.656683,48.44,17.50
2025-04-23T00:02:47.757097,48.44,99.80
2025-04-23T00:02:47.862188,49.38,99.80
2025-04-23T00:02:47.967276,48.47,99.70
2025-04-23T00:02:48.072373,48.47,99.80
2025-04-23T00:02:48.173980,48.47,99.40
2025-04-23T00:02:48.275558,48.47,69.00
2025-04-23T00:02:48.376984,48.47,0.00
2025-04-23T00:02:48.482061,48.47,0.00
2025-04-23T00:02:48.584073,48.45,84.00
2025-04-23T00:02:48.689159,48.45,99.70
2025-04-23T00:02:48.792642,48.45,99.60
2025-04-23T00:02:48.897733,48.45,99.80
2025-04-23T00:02:49.002823,48.45,99.70
2025-04-23T00:02:49.107913,48.45,94.20
2025-04-23T00:02:49.213062,48.45,0.00
2025-04-23T00:02:49.318142,48.45,0.10
2025-04-23T00:02:49.423220,48.45,62.80
2025-04-23T00:02:49.528305,48.45,99.70
2025-04-23T00:02:49.629633,48.45,99.70
2025-04-23T00:02:49.734728,48.45,99.80
2025-04-23T00:02:49.839817,48.45,99.60
2025-04-23T00:02:49.944910,48.45,99.70
2025-04-23T00:02:50.049544,48.45,21.40
2025-04-23T00:02:50.152301,48.45,0.00
2025-04-23T00:02:50.252812,48.45,29.70
2025-04-23T00:02:50.357897,48.45,99.70
2025-04-23T00:02:50.462994,48.45,99.80
2025-04-23T00:02:50.566103,48.45,99.60
2025-04-23T00:02:50.667295,48.45,99.70
2025-04-23T00:02:50.767632,48.45,99.60
2025-04-23T00:02:50.872740,48.45,65.30
2025-04-23T00:02:50.974497,48.45,0.00
2025-04-23T00:02:51.079563,48.45,0.00
2025-04-23T00:02:51.184217,48.45,90.00
2025-04-23T00:02:51.286832,48.45,99.80
2025-04-23T00:02:51.391939,48.47,99.30
2025-04-23T00:02:51.494664,48.47,99.80
2025-04-23T00:02:51.599761,48.47,99.70
2025-04-23T00:02:51.704859,48.47,97.00
2025-04-23T00:02:51.809946,48.47,0.10
2025-04-23T00:02:51.915021,48.47,0.00
2025-04-23T00:02:52.018843,48.47,57.60
2025-04-23T00:02:52.121670,48.47,99.60
2025-04-23T00:02:52.224945,48.47,99.90
2025-04-23T00:02:52.330043,48.47,99.70
2025-04-23T00:02:52.435135,48.47,99.70
2025-04-23T00:02:52.539137,48.47,99.70
2025-04-23T00:02:52.640162,48.47,32.10
2025-04-23T00:02:52.741200,48.47,0.00
2025-04-23T00:02:52.841446,48.47,14.20
2025-04-23T00:02:52.941962,48.47,99.80
2025-04-23T00:02:53.042351,48.47,99.80
2025-04-23T00:02:53.142622,48.47,99.60
2025-04-23T00:02:53.247729,48.47,99.60
2025-04-23T00:02:53.352812,48.47,99.70
2025-04-23T00:02:53.457893,48.47,79.90
2025-04-23T00:02:53.560754,48.47,0.00
2025-04-23T00:02:53.661117,48.47,0.00
2025-04-23T00:02:53.761437,48.47,68.10
2025-04-23T00:02:53.861792,48.47,99.70
2025-04-23T00:02:53.962211,48.47,99.90
2025-04-23T00:02:54.062566,48.47,99.60
2025-04-23T00:02:54.167661,48.47,99.70
2025-04-23T00:02:54.272749,48.47,99.70
2025-04-23T00:02:54.377845,48.47,25.90
2025-04-23T00:02:54.482935,48.47,0.00
2025-04-23T00:02:54.588017,48.47,31.30
2025-04-23T00:02:54.693107,48.47,99.70
2025-04-23T00:02:54.798258,48.47,99.70
2025-04-23T00:02:54.898832,48.47,99.60
2025-04-23T00:02:55.002127,48.47,99.80
2025-04-23T00:02:55.103280,48.47,99.70
2025-04-23T00:02:55.208373,48.47,63.30
2025-04-23T00:02:55.313468,48.47,0.10
2025-04-23T00:02:55.417258,48.47,0.00
2025-04-23T00:02:55.517590,48.47,87.20
2025-04-23T00:02:55.617988,48.47,99.20
2025-04-23T00:02:55.723084,48.47,100.30
2025-04-23T00:02:55.828166,48.47,99.80
2025-04-23T00:02:55.933264,48.47,99.70
2025-04-23T00:02:56.036137,48.47,99.60
2025-04-23T00:02:56.136497,48.47,7.60
2025-04-23T00:02:56.241587,48.47,0.00
2025-04-23T00:02:56.346671,48.47,49.60
2025-04-23T00:02:56.451758,48.47,99.70
2025-04-23T00:02:56.553639,48.47,99.80
2025-04-23T00:02:56.654164,48.47,99.70
2025-04-23T00:02:56.759258,48.47,99.70
2025-04-23T00:02:56.864338,48.47,99.80
2025-04-23T00:02:56.969425,48.47,40.10
2025-04-23T00:02:57.072355,48.47,0.00
2025-04-23T00:02:57.173426,48.47,7.90
2025-04-23T00:02:57.273814,48.47,99.80
2025-04-23T00:02:57.378902,48.47,99.70
2025-04-23T00:02:57.483997,48.47,99.70
2025-04-23T00:02:57.586531,48.47,99.70
2025-04-23T00:02:57.690797,48.47,99.80
2025-04-23T00:02:57.792326,48.47,99.70
2025-04-23T00:02:57.896235,48.47,15.90
2025-04-23T00:02:58.001304,48.47,0.00
2025-04-23T00:02:58.106375,48.47,41.50
2025-04-23T00:02:58.211462,48.47,99.80
2025-04-23T00:02:58.316555,48.45,99.70
2025-04-23T00:02:58.418475,48.45,99.80
2025-04-23T00:02:58.523568,48.45,99.80
2025-04-23T00:02:58.628664,48.45,99.60
2025-04-23T00:02:58.729879,48.45,56.50
2025-04-23T00:02:58.835041,48.45,0.20
2025-04-23T00:02:58.940108,48.45,0.90
2025-04-23T00:02:59.045166,48.45,99.80
2025-04-23T00:02:59.147014,48.45,99.60
2025-04-23T00:02:59.252109,48.45,99.80
2025-04-23T00:02:59.354107,48.45,99.70
2025-04-23T00:02:59.459186,48.45,99.70
2025-04-23T00:02:59.564326,48.45,83.70
2025-04-23T00:02:59.669454,48.45,0.00
2025-04-23T00:02:59.774536,48.45,0.50
2025-04-23T00:02:59.879610,48.45,73.00
2025-04-23T00:02:59.982803,48.45,99.70
2025-04-23T00:03:00.082921,48.47,99.70
2025-04-23T00:03:00.184061,48.47,99.70
2025-04-23T00:03:00.284366,48.47,99.80
2025-04-23T00:03:00.384768,48.47,99.70
2025-04-23T00:03:00.489867,48.47,17.20
2025-04-23T00:03:00.594948,48.47,0.00
2025-04-23T00:03:00.700032,48.47,38.60
2025-04-23T00:03:00.802834,48.47,99.80
2025-04-23T00:03:00.903265,48.47,99.70
2025-04-23T00:03:01.003632,48.47,99.50
2025-04-23T00:03:01.104939,48.47,99.80
2025-04-23T00:03:01.210023,48.47,99.70
2025-04-23T00:03:01.315106,48.47,45.90
2025-04-23T00:03:01.420178,48.47,0.00
2025-04-23T00:03:01.522918,48.47,8.10
2025-04-23T00:03:01.626788,48.47,99.70
2025-04-23T00:03:01.731870,48.47,99.70
2025-04-23T00:03:01.836955,48.47,99.60
2025-04-23T00:03:01.940263,48.47,99.60
2025-04-23T00:03:02.045347,48.47,99.80
2025-04-23T00:03:02.150421,48.47,63.50
2025-04-23T00:03:02.255500,48.47,0.10
2025-04-23T00:03:02.359311,48.47,0.20
2025-04-23T00:03:02.468410,48.38,30.30
2025-04-23T00:03:02.572259,46.00,98.70
2025-04-23T00:03:02.675664,47.17,96.60
2025-04-23T00:03:02.780778,46.31,99.50
2025-04-23T00:03:02.885879,46.36,99.80
2025-04-23T00:03:02.990965,46.45,98.30
2025-04-23T00:03:03.094318,46.47,77.70
2025-04-23T00:03:03.196155,46.55,0.00
2025-04-23T00:03:03.301262,46.55,0.10
2025-04-23T00:03:03.406366,46.52,77.80
2025-04-23T00:03:03.511509,46.56,99.60
2025-04-23T00:03:03.612739,46.58,99.70
2025-04-23T00:03:03.717849,46.59,99.70
2025-04-23T00:03:03.822931,46.53,99.70
2025-04-23T00:03:03.928011,46.53,99.70
2025-04-23T00:03:04.032180,46.53,33.40
2025-04-23T00:03:04.137275,46.53,0.00
2025-04-23T00:03:04.242339,46.53,23.70
2025-04-23T00:03:04.347421,46.53,99.80
2025-04-23T00:03:04.448997,47.44,99.80
2025-04-23T00:03:04.554089,46.53,99.60
2025-04-23T00:03:04.659182,46.53,99.80
2025-04-23T00:03:04.764274,46.53,99.70
2025-04-23T00:03:04.866384,46.53,63.90
2025-04-23T00:03:04.967496,46.53,0.00
2025-04-23T00:03:05.072585,46.53,0.00
2025-04-23T00:03:05.173956,46.53,89.30
2025-04-23T00:03:05.279039,46.56,99.70
2025-04-23T00:03:05.384137,46.56,99.70
2025-04-23T00:03:05.484594,46.56,99.80
2025-04-23T00:03:05.585180,46.55,99.70
2025-04-23T00:03:05.686707,46.55,94.30
2025-04-23T00:03:05.791803,46.55,0.10
2025-04-23T00:03:05.896876,46.55,0.00
2025-04-23T00:03:06.001965,46.55,64.90
2025-04-23T00:03:06.104835,46.55,99.70
2025-04-23T00:03:06.209939,46.59,99.70
2025-04-23T00:03:06.315030,46.59,99.80
2025-04-23T00:03:06.420115,46.59,99.70
2025-04-23T00:03:06.525214,46.59,99.60
2025-04-23T00:03:06.630299,46.59,7.50
2025-04-23T00:03:06.735381,46.59,0.00
2025-04-23T00:03:06.840162,46.59,49.20
2025-04-23T00:03:06.940430,46.59,99.60
2025-04-23T00:03:07.045531,46.56,99.70
2025-04-23T00:03:07.150623,46.58,99.80
2025-04-23T00:03:07.255712,46.58,99.60
2025-04-23T00:03:07.357783,46.58,99.80
2025-04-23T00:03:07.457911,46.58,32.90
2025-04-23T00:03:07.562983,46.58,0.00
2025-04-23T00:03:07.668046,46.58,20.60
2025-04-23T00:03:07.768263,46.58,99.70
2025-04-23T00:03:07.873358,47.48,98.90
2025-04-23T00:03:07.977708,46.27,99.90
2025-04-23T00:03:08.078458,47.30,99.60
2025-04-23T00:03:08.183587,47.86,99.70
2025-04-23T00:03:08.288673,47.86,58.00
2025-04-23T00:03:08.393759,47.89,0.00
2025-04-23T00:03:08.498850,47.89,0.00
2025-04-23T00:03:08.603931,47.89,98.90
2025-04-23T00:03:08.707025,47.89,99.80
2025-04-23T00:03:08.812121,47.89,99.70
2025-04-23T00:03:08.914704,47.89,99.70
2025-04-23T00:03:09.019803,47.95,99.70
2025-04-23T00:03:09.124882,47.95,77.60
2025-04-23T00:03:09.229967,47.95,0.00
2025-04-23T00:03:09.335044,47.95,0.10
2025-04-23T00:03:09.440175,47.95,65.90
2025-04-23T00:03:09.545277,47.95,98.60
2025-04-23T00:03:09.650380,48.02,99.20
2025-04-23T00:03:09.752095,48.36,99.80
2025-04-23T00:03:09.857193,48.39,99.00
2025-04-23T00:03:09.962302,48.30,99.50
2025-04-23T00:03:10.067401,48.30,41.70
2025-04-23T00:03:10.169055,48.30,0.10
2025-04-23T00:03:10.280722,48.12,7.60
2025-04-23T00:03:10.406388,47.83,82.20
2025-04-23T00:03:10.511462,47.92,94.60
2025-04-23T00:03:10.616603,48.05,98.00
2025-04-23T00:03:10.720107,48.08,99.20
2025-04-23T00:03:10.820714,48.08,99.70
2025-04-23T00:03:10.921759,48.08,99.70
2025-04-23T00:03:11.022088,48.08,49.40
2025-04-23T00:03:11.127193,48.08,0.10
2025-04-23T00:03:11.232285,48.08,11.30
2025-04-23T00:03:11.337374,48.08,99.70
2025-04-23T00:03:11.440263,48.20,99.70
2025-04-23T00:03:11.545373,48.25,99.80
2025-04-23T00:03:11.650468,48.25,99.80
2025-04-23T00:03:11.755559,48.25,99.60
2025-04-23T00:03:11.859269,48.25,73.30
2025-04-23T00:03:11.964376,48.25,0.00
2025-04-23T00:03:12.069487,48.22,0.00
2025-04-23T00:03:12.174598,48.22,83.30
2025-04-23T00:03:12.276553,48.23,99.60
2025-04-23T00:03:12.381655,48.25,99.70
2025-04-23T00:03:12.486739,48.25,99.70
2025-04-23T00:03:12.591838,48.25,99.70
2025-04-23T00:03:12.694674,48.25,99.10
2025-04-23T00:03:12.799784,48.25,0.50
2025-04-23T00:03:12.904873,48.17,0.10
2025-04-23T00:03:13.009952,48.17,56.70
2025-04-23T00:03:13.115041,48.22,99.70
2025-04-23T00:03:13.220131,48.22,99.70
2025-04-23T00:03:13.325233,48.22,93.50
2025-04-23T00:03:13.429287,48.17,99.40
2025-04-23T00:03:13.532516,48.17,99.70
2025-04-23T00:03:13.637607,48.17,33.10
2025-04-23T00:03:13.742694,48.17,0.00
2025-04-23T00:03:13.847867,48.17,21.30
2025-04-23T00:03:13.949052,48.17,99.70
2025-04-23T00:03:14.052296,49.08,99.70
2025-04-23T00:03:14.157380,48.17,99.70
2025-04-23T00:03:14.262472,48.17,99.60
2025-04-23T00:03:14.367182,48.19,99.70
2025-04-23T00:03:14.467540,48.19,68.40
2025-04-23T00:03:14.567846,48.19,0.00
2025-04-23T00:03:14.668262,48.19,0.00
2025-04-23T00:03:14.768610,48.19,57.00
2025-04-23T00:03:14.869404,48.19,95.60
2025-04-23T00:03:14.971372,48.27,98.00
2025-04-23T00:03:15.076471,48.30,98.60
2025-04-23T00:03:15.181564,48.30,99.70
2025-04-23T00:03:15.286660,48.30,99.70
2025-04-23T00:03:15.391758,48.30,60.20
2025-04-23T00:03:15.496846,48.30,0.00
2025-04-23T00:03:15.601927,48.30,0.00
2025-04-23T00:03:15.703745,48.30,93.70
2025-04-23T00:03:15.808839,48.30,70.80
2025-04-23T00:03:15.909202,47.31,71.10
2025-04-23T00:03:16.014359,46.72,95.90
2025-04-23T00:03:16.117946,46.72,94.80
2025-04-23T00:03:16.221938,46.72,94.10
2025-04-23T00:03:16.323926,46.19,91.70
2025-04-23T00:03:16.425150,31.91,85.10
2025-04-23T00:03:16.530314,31.92,0.00
2025-04-23T00:03:16.635432,31.92,0.00
2025-04-23T00:03:16.740548,31.92,69.60
2025-04-23T00:03:16.845640,31.92,99.40
2025-04-23T00:03:16.950751,32.00,99.20
2025-04-23T00:03:17.052431,32.08,98.30
2025-04-23T00:03:17.157531,32.08,99.60
2025-04-23T00:03:17.259739,32.08,99.70
2025-04-23T00:03:17.361061,32.08,55.60
2025-04-23T00:03:17.466154,32.08,0.00
2025-04-23T00:03:17.571250,32.08,1.40
2025-04-23T00:03:17.676346,32.08,99.30
2025-04-23T00:03:17.779154,32.08,98.70
2025-04-23T00:03:17.879514,32.08,99.60
2025-04-23T00:03:17.984673,32.08,99.40
2025-04-23T00:03:18.089770,32.08,99.40
2025-04-23T00:03:18.194439,33.69,99.70
2025-04-23T00:03:18.297925,33.69,30.90
2025-04-23T00:03:18.403025,33.69,0.40
2025-04-23T00:03:18.508112,33.77,29.70
2025-04-23T00:03:18.613197,33.77,94.30
2025-04-23T00:03:18.716906,33.77,60.80
2025-04-23T00:03:18.822460,33.89,68.20
2025-04-23T00:03:18.927608,33.89,100.00
2025-04-23T00:03:19.032715,33.89,100.10
2025-04-23T00:03:19.137786,33.91,100.00
2025-04-23T00:03:19.242852,33.91,100.00
2025-04-23T00:03:19.347906,33.91,38.00
2025-04-23T00:03:19.453003,33.91,0.00
2025-04-23T00:03:19.554505,33.91,15.60
2025-04-23T00:03:19.655748,33.91,99.60
2025-04-23T00:03:19.760826,33.91,100.50
2025-04-23T00:03:19.865896,34.28,100.10
2025-04-23T00:03:19.970949,34.30,100.00
2025-04-23T00:03:20.075993,34.30,100.00
2025-04-23T00:03:20.181030,34.30,78.90
2025-04-23T00:03:20.286064,34.30,0.10
2025-04-23T00:03:20.391114,34.30,0.00
2025-04-23T00:03:20.496159,34.30,77.90
2025-04-23T00:03:20.599419,34.31,100.00
2025-04-23T00:03:20.704475,34.33,100.00
2025-04-23T00:03:20.809537,34.33,100.00
2025-04-23T00:03:20.914596,34.33,100.00
2025-04-23T00:03:21.016247,34.33,99.90
2025-04-23T00:03:21.121295,34.33,0.50
2025-04-23T00:03:21.226338,34.33,0.00
2025-04-23T00:03:21.331378,34.33,56.80
2025-04-23T00:03:21.436424,34.33,100.00
2025-04-23T00:03:21.541467,34.33,100.00
2025-04-23T00:03:21.646509,34.41,99.90
2025-04-23T00:03:21.751552,34.41,100.00
2025-04-23T00:03:21.852436,34.41,100.00
2025-04-23T00:03:21.957483,34.41,52.60
2025-04-23T00:03:22.062952,34.41,0.00
2025-04-23T00:03:22.168055,34.41,5.10
2025-04-23T00:03:22.273129,34.41,100.00
2025-04-23T00:03:22.378200,48.73,86.30
2025-04-23T00:03:22.483291,48.70,100.00
2025-04-23T00:03:22.588366,48.70,100.00
2025-04-23T00:03:22.693422,48.70,100.00
